istat;comune;regione;provincia;num_residenti
1001;Agliè;Piemonte;TO;2545
1002;Airasca;Piemonte;TO;3633
1003;Ala di Stura;Piemonte;TO;459
1004;Albiano d'Ivrea;Piemonte;TO;1638
1006;Almese;Piemonte;TO;6355
1007;Alpette;Piemonte;TO;235
1008;Alpignano;Piemonte;TO;16484
1009;Andezeno;Piemonte;TO;2013
1010;Andrate;Piemonte;TO;488
1011;Angrogna;Piemonte;TO;838
1012;Arignano;Piemonte;TO;1080
1013;Avigliana;Piemonte;TO;12351
1014;Azeglio;Piemonte;TO;1235
1015;Bairo;Piemonte;TO;787
1016;Balangero;Piemonte;TO;3064
1017;Baldissero Canavese;Piemonte;TO;533
1018;Baldissero Torinese;Piemonte;TO;3671
1019;Balme;Piemonte;TO;110
1020;Banchette;Piemonte;TO;3112
1021;Barbania;Piemonte;TO;1585
1022;Bardonecchia;Piemonte;TO;3078
1023;Barone Canavese;Piemonte;TO;559
1024;Beinasco;Piemonte;TO;17532
1025;Bibiana;Piemonte;TO;3392
1026;Bobbio Pellice;Piemonte;TO;537
1027;Bollengo;Piemonte;TO;2097
1028;Borgaro Torinese;Piemonte;TO;11773
1029;Borgiallo;Piemonte;TO;592
1030;Borgofranco d'Ivrea;Piemonte;TO;3590
1031;Borgomasino;Piemonte;TO;772
1032;Borgone Susa;Piemonte;TO;2187
1033;Bosconero;Piemonte;TO;3074
1034;Brandizzo;Piemonte;TO;8798
1035;Bricherasio;Piemonte;TO;4564
1036;Brosso;Piemonte;TO;402
1037;Brozolo;Piemonte;TO;449
1038;Bruino;Piemonte;TO;8475
1039;Brusasco;Piemonte;TO;1482
1040;Bruzolo;Piemonte;TO;1487
1041;Buriasco;Piemonte;TO;1329
1042;Burolo;Piemonte;TO;1134
1043;Busano;Piemonte;TO;1622
1044;Bussoleno;Piemonte;TO;5703
1045;Buttigliera Alta;Piemonte;TO;6292
1046;Cafasse;Piemonte;TO;3334
1047;Caluso;Piemonte;TO;7344
1048;Cambiano;Piemonte;TO;5915
1049;Campiglione Fenile;Piemonte;TO;1333
1050;Candia Canavese;Piemonte;TO;1219
1051;Candiolo;Piemonte;TO;5627
1052;Canischio;Piemonte;TO;277
1053;Cantalupa;Piemonte;TO;2574
1054;Cantoira;Piemonte;TO;588
1055;Caprie;Piemonte;TO;2057
1056;Caravino;Piemonte;TO;901
1057;Carema;Piemonte;TO;739
1058;Carignano;Piemonte;TO;9051
1059;Carmagnola;Piemonte;TO;28399
1060;Casalborgone;Piemonte;TO;1862
1061;Cascinette d'Ivrea;Piemonte;TO;1532
1062;Caselette;Piemonte;TO;3005
1063;Caselle Torinese;Piemonte;TO;13749
1064;Castagneto Po;Piemonte;TO;1755
1065;Castagnole Piemonte;Piemonte;TO;2165
1066;Castellamonte;Piemonte;TO;9667
1067;Castelnuovo Nigra;Piemonte;TO;416
1068;Castiglione Torinese;Piemonte;TO;6446
1069;Cavagnolo;Piemonte;TO;2237
1070;Cavour;Piemonte;TO;5385
1071;Cercenasco;Piemonte;TO;1761
1072;Ceres;Piemonte;TO;1032
1073;Ceresole Reale;Piemonte;TO;167
1074;Cesana Torinese;Piemonte;TO;913
1075;Chialamberto;Piemonte;TO;353
1076;Chianocco;Piemonte;TO;1569
1077;Chiaverano;Piemonte;TO;2021
1078;Chieri;Piemonte;TO;36001
1079;Chiesanuova;Piemonte;TO;233
1080;Chiomonte;Piemonte;TO;860
1081;Chiusa di San Michele;Piemonte;TO;1565
1082;Chivasso;Piemonte;TO;26497
1083;Ciconio;Piemonte;TO;360
1084;Cintano;Piemonte;TO;242
1085;Cinzano;Piemonte;TO;321
1086;Ciriè;Piemonte;TO;18261
1087;Claviere;Piemonte;TO;202
1088;Coassolo Torinese;Piemonte;TO;1449
1089;Coazze;Piemonte;TO;3171
1090;Collegno;Piemonte;TO;48747
1091;Colleretto Castelnuovo;Piemonte;TO;312
1092;Colleretto Giacosa;Piemonte;TO;591
1093;Condove;Piemonte;TO;4427
1094;Corio;Piemonte;TO;3082
1095;Cossano Canavese;Piemonte;TO;443
1096;Cuceglio;Piemonte;TO;937
1097;Cumiana;Piemonte;TO;7787
1098;Cuorgnè;Piemonte;TO;9413
1099;Druento;Piemonte;TO;8822
1100;Exilles;Piemonte;TO;244
1101;Favria;Piemonte;TO;5122
1102;Feletto;Piemonte;TO;2178
1103;Fenestrelle;Piemonte;TO;483
1104;Fiano;Piemonte;TO;2640
1105;Fiorano Canavese;Piemonte;TO;751
1106;Foglizzo;Piemonte;TO;2255
1107;Forno Canavese;Piemonte;TO;3271
1108;Frassinetto;Piemonte;TO;274
1109;Front;Piemonte;TO;1627
1110;Frossasco;Piemonte;TO;2841
1111;Garzigliana;Piemonte;TO;544
1112;Gassino Torinese;Piemonte;TO;9389
1113;Germagnano;Piemonte;TO;1117
1114;Giaglione;Piemonte;TO;594
1115;Giaveno;Piemonte;TO;16168
1116;Givoletto;Piemonte;TO;4003
1117;Gravere;Piemonte;TO;665
1118;Groscavallo;Piemonte;TO;194
1119;Grosso;Piemonte;TO;973
1120;Grugliasco;Piemonte;TO;37201
1121;Ingria;Piemonte;TO;45
1122;Inverso Pinasca;Piemonte;TO;689
1123;Isolabella;Piemonte;TO;371
1124;Issiglio;Piemonte;TO;409
1125;Ivrea;Piemonte;TO;22839
1126;La Cassa;Piemonte;TO;1766
1127;La Loggia;Piemonte;TO;8783
1128;Lanzo Torinese;Piemonte;TO;4878
1129;Lauriano;Piemonte;TO;1422
1130;Leini;Piemonte;TO;16309
1131;Lemie;Piemonte;TO;185
1132;Lessolo;Piemonte;TO;1795
1133;Levone;Piemonte;TO;429
1134;Locana;Piemonte;TO;1382
1135;Lombardore;Piemonte;TO;1669
1136;Lombriasco;Piemonte;TO;1066
1137;Loranzè;Piemonte;TO;1149
1139;Luserna San Giovanni;Piemonte;TO;7096
1140;Lusernetta;Piemonte;TO;492
1141;Lusigliè;Piemonte;TO;547
1142;Macello;Piemonte;TO;1151
1143;Maglione;Piemonte;TO;413
1144;Marentino;Piemonte;TO;1306
1145;Massello;Piemonte;TO;56
1146;Mathi;Piemonte;TO;3795
1147;Mattie;Piemonte;TO;647
1148;Mazzè;Piemonte;TO;4169
1149;Meana di Susa;Piemonte;TO;809
1150;Mercenasco;Piemonte;TO;1283
1152;Mezzenile;Piemonte;TO;760
1153;Mombello di Torino;Piemonte;TO;383
1154;Mompantero;Piemonte;TO;639
1155;Monastero di Lanzo;Piemonte;TO;331
1156;Moncalieri;Piemonte;TO;56319
1157;Moncenisio;Piemonte;TO;41
1158;Montaldo Torinese;Piemonte;TO;723
1159;Montalenghe;Piemonte;TO;985
1160;Montalto Dora;Piemonte;TO;3349
1161;Montanaro;Piemonte;TO;5119
1162;Monteu da Po;Piemonte;TO;842
1163;Moriondo Torinese;Piemonte;TO;852
1164;Nichelino;Piemonte;TO;46512
1165;Noasca;Piemonte;TO;107
1166;Nole;Piemonte;TO;6770
1167;Nomaglio;Piemonte;TO;291
1168;None;Piemonte;TO;7849
1169;Novalesa;Piemonte;TO;526
1170;Oglianico;Piemonte;TO;1453
1171;Orbassano;Piemonte;TO;23061
1172;Orio Canavese;Piemonte;TO;764
1173;Osasco;Piemonte;TO;1173
1174;Osasio;Piemonte;TO;929
1175;Oulx;Piemonte;TO;3264
1176;Ozegna;Piemonte;TO;1187
1177;Palazzo Canavese;Piemonte;TO;842
1178;Pancalieri;Piemonte;TO;2005
1179;Parella;Piemonte;TO;419
1180;Pavarolo;Piemonte;TO;1124
1181;Pavone Canavese;Piemonte;TO;3680
1183;Pecetto Torinese;Piemonte;TO;3992
1184;Perosa Argentina;Piemonte;TO;3133
1185;Perosa Canavese;Piemonte;TO;521
1186;Perrero;Piemonte;TO;600
1187;Pertusio;Piemonte;TO;747
1188;Pessinetto;Piemonte;TO;629
1189;Pianezza;Piemonte;TO;15446
1190;Pinasca;Piemonte;TO;2843
1191;Pinerolo;Piemonte;TO;35480
1192;Pino Torinese;Piemonte;TO;8281
1193;Piobesi Torinese;Piemonte;TO;3823
1194;Piossasco;Piemonte;TO;18102
1195;Piscina;Piemonte;TO;3335
1196;Piverone;Piemonte;TO;1333
1197;Poirino;Piemonte;TO;10202
1198;Pomaretto;Piemonte;TO;970
1199;Pont-Canavese;Piemonte;TO;3116
1200;Porte;Piemonte;TO;1076
1201;Pragelato;Piemonte;TO;762
1202;Prali;Piemonte;TO;252
1203;Pralormo;Piemonte;TO;1891
1204;Pramollo;Piemonte;TO;223
1205;Prarostino;Piemonte;TO;1250
1206;Prascorsano;Piemonte;TO;738
1207;Pratiglione;Piemonte;TO;460
1208;Quagliuzzo;Piemonte;TO;327
1209;Quassolo;Piemonte;TO;338
1210;Quincinetto;Piemonte;TO;997
1211;Reano;Piemonte;TO;1763
1212;Ribordone;Piemonte;TO;48
1213;Rivalba;Piemonte;TO;1124
1214;Rivalta di Torino;Piemonte;TO;20127
1215;Riva Presso Chieri;Piemonte;TO;4734
1216;Rivara;Piemonte;TO;2527
1217;Rivarolo Canavese;Piemonte;TO;12302
1218;Rivarossa;Piemonte;TO;1542
1219;Rivoli;Piemonte;TO;47807
1220;Robassomero;Piemonte;TO;3042
1221;Rocca Canavese;Piemonte;TO;1664
1222;Roletto;Piemonte;TO;1962
1223;Romano Canavese;Piemonte;TO;2606
1224;Ronco Canavese;Piemonte;TO;296
1225;Rondissone;Piemonte;TO;1867
1226;Rorà;Piemonte;TO;228
1227;Roure;Piemonte;TO;789
1228;Rosta;Piemonte;TO;5044
1229;Rubiana;Piemonte;TO;2352
1230;Rueglio;Piemonte;TO;777
1231;Salassa;Piemonte;TO;1809
1232;Salbertrand;Piemonte;TO;609
1233;Salerano Canavese;Piemonte;TO;462
1234;Salza di Pinerolo;Piemonte;TO;75
1235;Samone;Piemonte;TO;1501
1236;San Benigno Canavese;Piemonte;TO;5955
1237;San Carlo Canavese;Piemonte;TO;3980
1238;San Colombano Belmonte;Piemonte;TO;362
1239;San Didero;Piemonte;TO;512
1240;San Francesco al Campo;Piemonte;TO;4839
1241;Sangano;Piemonte;TO;3683
1242;San Germano Chisone;Piemonte;TO;1707
1243;San Gillio;Piemonte;TO;3173
1244;San Giorgio Canavese;Piemonte;TO;2520
1245;San Giorio di Susa;Piemonte;TO;978
1246;San Giusto Canavese;Piemonte;TO;3247
1247;San Martino Canavese;Piemonte;TO;811
1248;San Maurizio Canavese;Piemonte;TO;10144
1249;San Mauro Torinese;Piemonte;TO;18589
1250;San Pietro Val Lemina;Piemonte;TO;1439
1251;San Ponso;Piemonte;TO;257
1252;San Raffaele Cimena;Piemonte;TO;3098
1253;San Sebastiano da Po;Piemonte;TO;1855
1254;San Secondo di Pinerolo;Piemonte;TO;3615
1255;Sant'Ambrogio di Torino;Piemonte;TO;4597
1256;Sant'Antonino di Susa;Piemonte;TO;4060
1257;Santena;Piemonte;TO;10556
1258;Sauze di Cesana;Piemonte;TO;250
1259;Sauze d'Oulx;Piemonte;TO;1081
1260;Scalenghe;Piemonte;TO;3226
1261;Scarmagno;Piemonte;TO;806
1262;Sciolze;Piemonte;TO;1432
1263;Sestriere;Piemonte;TO;922
1264;Settimo Rottaro;Piemonte;TO;467
1265;Settimo Torinese;Piemonte;TO;46348
1266;Settimo Vittone;Piemonte;TO;1513
1267;Sparone;Piemonte;TO;933
1268;Strambinello;Piemonte;TO;266
1269;Strambino;Piemonte;TO;6092
1270;Susa;Piemonte;TO;5992
1271;Tavagnasco;Piemonte;TO;774
1272;Torino;Piemonte;TO;858205
1273;Torrazza Piemonte;Piemonte;TO;2974
1274;Torre Canavese;Piemonte;TO;616
1275;Torre Pellice;Piemonte;TO;4554
1276;Trana;Piemonte;TO;3788
1278;Traversella;Piemonte;TO;323
1279;Traves;Piemonte;TO;506
1280;Trofarello;Piemonte;TO;10611
1281;Usseaux;Piemonte;TO;180
1282;Usseglio;Piemonte;TO;200
1283;Vaie;Piemonte;TO;1398
1284;Val della Torre;Piemonte;TO;3965
1285;Valgioie;Piemonte;TO;947
1286;Vallo Torinese;Piemonte;TO;788
1287;Valperga;Piemonte;TO;2991
1288;Valprato Soana;Piemonte;TO;93
1289;Varisella;Piemonte;TO;845
1290;Vauda Canavese;Piemonte;TO;1443
1291;Venaus;Piemonte;TO;877
1292;Venaria Reale;Piemonte;TO;32682
1293;Verolengo;Piemonte;TO;4766
1294;Verrua Savoia;Piemonte;TO;1340
1295;Vestignè;Piemonte;TO;765
1296;Vialfrè;Piemonte;TO;242
1298;Vidracco;Piemonte;TO;495
1299;Vigone;Piemonte;TO;5070
1300;Villafranca Piemonte;Piemonte;TO;4489
1301;Villanova Canavese;Piemonte;TO;1194
1302;Villarbasse;Piemonte;TO;3467
1303;Villar Dora;Piemonte;TO;2785
1304;Villareggia;Piemonte;TO;996
1305;Villar Focchiardo;Piemonte;TO;1948
1306;Villar Pellice;Piemonte;TO;1045
1307;Villar Perosa;Piemonte;TO;3888
1308;Villastellone;Piemonte;TO;4504
1309;Vinovo;Piemonte;TO;15070
1310;Virle Piemonte;Piemonte;TO;1151
1311;Vische;Piemonte;TO;1189
1312;Vistrorio;Piemonte;TO;518
1313;Viù;Piemonte;TO;1021
1314;Volpiano;Piemonte;TO;15167
1315;Volvera;Piemonte;TO;8495
1316;Mappano;Piemonte;TO;7354
1317;Val di Chy;Piemonte;TO;1236
1318;Valchiusa;Piemonte;TO;987
2002;Alagna Valsesia;Piemonte;VC;725
2003;Albano Vercellese;Piemonte;VC;309
2004;Alice Castello;Piemonte;VC;2506
2006;Arborio;Piemonte;VC;844
2007;Asigliano Vercellese;Piemonte;VC;1389
2008;Balmuccia;Piemonte;VC;117
2009;Balocco;Piemonte;VC;220
2011;Bianzè;Piemonte;VC;1848
2014;Boccioleto;Piemonte;VC;160
2015;Borgo d'Ale;Piemonte;VC;2260
2016;Borgosesia;Piemonte;VC;12250
2017;Borgo Vercelli;Piemonte;VC;2228
2021;Buronzo;Piemonte;VC;837
2025;Campertogno;Piemonte;VC;214
2029;Carcoforo;Piemonte;VC;73
2030;Caresana;Piemonte;VC;1039
2031;Caresanablot;Piemonte;VC;1096
2032;Carisio;Piemonte;VC;766
2033;Casanova Elvo;Piemonte;VC;223
2035;San Giacomo Vercellese;Piemonte;VC;292
2041;Cervatto;Piemonte;VC;52
2042;Cigliano;Piemonte;VC;4283
2043;Civiasco;Piemonte;VC;239
2045;Collobiano;Piemonte;VC;86
2047;Costanzana;Piemonte;VC;748
2048;Cravagliana;Piemonte;VC;252
2049;Crescentino;Piemonte;VC;7611
2052;Crova;Piemonte;VC;394
2054;Desana;Piemonte;VC;1061
2057;Fobello;Piemonte;VC;185
2058;Fontanetto Po;Piemonte;VC;1079
2059;Formigliana;Piemonte;VC;495
2061;Gattinara;Piemonte;VC;7572
2062;Ghislarengo;Piemonte;VC;814
2065;Greggio;Piemonte;VC;340
2066;Guardabosone;Piemonte;VC;339
2067;Lamporo;Piemonte;VC;509
2068;Lenta;Piemonte;VC;797
2070;Lignana;Piemonte;VC;526
2071;Livorno Ferraris;Piemonte;VC;4183
2072;Lozzolo;Piemonte;VC;800
2078;Mollia;Piemonte;VC;95
2079;Moncrivello;Piemonte;VC;1380
2082;Motta de' Conti;Piemonte;VC;738
2088;Olcenengo;Piemonte;VC;783
2089;Oldenico;Piemonte;VC;213
2090;Palazzolo Vercellese;Piemonte;VC;1098
2091;Pertengo;Piemonte;VC;272
2093;Pezzana;Piemonte;VC;1266
2096;Pila;Piemonte;VC;138
2097;Piode;Piemonte;VC;186
2102;Postua;Piemonte;VC;571
2104;Prarolo;Piemonte;VC;719
2107;Quarona;Piemonte;VC;3878
2108;Quinto Vercellese;Piemonte;VC;395
2110;Rassa;Piemonte;VC;67
2113;Rimella;Piemonte;VC;128
2115;Rive;Piemonte;VC;426
2116;Roasio;Piemonte;VC;2283
2118;Ronsecco;Piemonte;VC;544
2121;Rossa;Piemonte;VC;183
2122;Rovasenda;Piemonte;VC;912
2126;Salasco;Piemonte;VC;201
2127;Sali Vercellese;Piemonte;VC;98
2128;Saluggia;Piemonte;VC;3792
2131;San Germano Vercellese;Piemonte;VC;1474
2133;Santhià;Piemonte;VC;8122
2134;Scopa;Piemonte;VC;373
2135;Scopello;Piemonte;VC;366
2137;Serravalle Sesia;Piemonte;VC;4717
2142;Stroppiana;Piemonte;VC;1178
2147;Tricerro;Piemonte;VC;672
2148;Trino;Piemonte;VC;6771
2150;Tronzano Vercellese;Piemonte;VC;3383
2152;Valduggia;Piemonte;VC;1882
2156;Varallo;Piemonte;VC;6931
2158;Vercelli;Piemonte;VC;45425
2163;Villarboit;Piemonte;VC;398
2164;Villata;Piemonte;VC;1517
2166;Vocca;Piemonte;VC;158
2170;Alto Sermenza;Piemonte;VC;149
2171;Cellio con Breia;Piemonte;VC;941
3001;Agrate Conturbia;Piemonte;NO;1551
3002;Ameno;Piemonte;NO;884
3006;Armeno;Piemonte;NO;2102
3008;Arona;Piemonte;NO;13796
3012;Barengo;Piemonte;NO;747
3016;Bellinzago Novarese;Piemonte;NO;9455
3018;Biandrate;Piemonte;NO;1328
3019;Boca;Piemonte;NO;1129
3021;Bogogno;Piemonte;NO;1293
3022;Bolzano Novarese;Piemonte;NO;1157
3023;Borgolavezzaro;Piemonte;NO;1967
3024;Borgomanero;Piemonte;NO;21383
3025;Borgo Ticino;Piemonte;NO;5159
3026;Briga Novarese;Piemonte;NO;2801
3027;Briona;Piemonte;NO;1087
3030;Caltignaga;Piemonte;NO;2504
3032;Cameri;Piemonte;NO;10708
3036;Carpignano Sesia;Piemonte;NO;2463
3037;Casalbeltrame;Piemonte;NO;981
3039;Casaleggio Novara;Piemonte;NO;905
3040;Casalino;Piemonte;NO;1526
3041;Casalvolone;Piemonte;NO;872
3042;Castellazzo Novarese;Piemonte;NO;318
3043;Castelletto Sopra Ticino;Piemonte;NO;9820
3044;Cavaglietto;Piemonte;NO;386
3045;Cavaglio d'Agogna;Piemonte;NO;1172
3047;Cavallirio;Piemonte;NO;1302
3049;Cerano;Piemonte;NO;6645
3051;Colazza;Piemonte;NO;514
3052;Comignago;Piemonte;NO;1222
3055;Cressa;Piemonte;NO;1619
3058;Cureggio;Piemonte;NO;2587
3060;Divignano;Piemonte;NO;1400
3062;Dormelletto;Piemonte;NO;2561
3065;Fara Novarese;Piemonte;NO;1977
3066;Fontaneto d'Agogna;Piemonte;NO;2579
3068;Galliate;Piemonte;NO;15516
3069;Garbagna Novarese;Piemonte;NO;1400
3070;Gargallo;Piemonte;NO;1750
3073;Ghemme;Piemonte;NO;3373
3076;Gozzano;Piemonte;NO;5403
3077;Granozzo con Monticello;Piemonte;NO;1336
3079;Grignasco;Piemonte;NO;4307
3082;Invorio;Piemonte;NO;4297
3083;Landiona;Piemonte;NO;546
3084;Lesa;Piemonte;NO;2165
3088;Maggiora;Piemonte;NO;1601
3090;Mandello Vitta;Piemonte;NO;224
3091;Marano Ticino;Piemonte;NO;1586
3093;Massino Visconti;Piemonte;NO;1124
3095;Meina;Piemonte;NO;2400
3097;Mezzomerico;Piemonte;NO;1213
3098;Miasino;Piemonte;NO;796
3100;Momo;Piemonte;NO;2412
3103;Nebbiuno;Piemonte;NO;1770
3104;Nibbiola;Piemonte;NO;800
3106;Novara;Piemonte;NO;102225
3108;Oleggio;Piemonte;NO;14148
3109;Oleggio Castello;Piemonte;NO;2149
3112;Orta San Giulio;Piemonte;NO;1279
3114;Paruzzaro;Piemonte;NO;2147
3115;Pella;Piemonte;NO;891
3116;Pettenasco;Piemonte;NO;1312
3119;Pisano;Piemonte;NO;809
3120;Pogno;Piemonte;NO;1370
3121;Pombia;Piemonte;NO;2131
3122;Prato Sesia;Piemonte;NO;1844
3129;Recetto;Piemonte;NO;941
3130;Romagnano Sesia;Piemonte;NO;3751
3131;Romentino;Piemonte;NO;5595
3133;San Maurizio d'Opaglio;Piemonte;NO;3001
3134;San Nazzaro Sesia;Piemonte;NO;745
3135;San Pietro Mosezzo;Piemonte;NO;2019
3138;Sillavengo;Piemonte;NO;555
3139;Sizzano;Piemonte;NO;1382
3140;Soriso;Piemonte;NO;723
3141;Sozzago;Piemonte;NO;1089
3143;Suno;Piemonte;NO;2708
3144;Terdobbiate;Piemonte;NO;463
3146;Tornaco;Piemonte;NO;882
3149;Trecate;Piemonte;NO;20395
3153;Vaprio d'Agogna;Piemonte;NO;962
3154;Varallo Pombia;Piemonte;NO;4847
3158;Vespolate;Piemonte;NO;2006
3159;Vicolungo;Piemonte;NO;868
3164;Vinzaglio;Piemonte;NO;538
3166;Gattico-Veruno;Piemonte;NO;5231
4001;Acceglio;Piemonte;CN;153
4002;Aisone;Piemonte;CN;210
4003;Alba;Piemonte;CN;31250
4004;Albaretto della Torre;Piemonte;CN;234
4005;Alto;Piemonte;CN;139
4006;Argentera;Piemonte;CN;78
4007;Arguello;Piemonte;CN;196
4008;Bagnasco;Piemonte;CN;995
4009;Bagnolo Piemonte;Piemonte;CN;5838
4010;Baldissero d'Alba;Piemonte;CN;1049
4011;Barbaresco;Piemonte;CN;617
4012;Barge;Piemonte;CN;7497
4013;Barolo;Piemonte;CN;682
4014;Bastia Mondovì;Piemonte;CN;639
4015;Battifollo;Piemonte;CN;209
4016;Beinette;Piemonte;CN;3426
4017;Bellino;Piemonte;CN;97
4018;Belvedere Langhe;Piemonte;CN;338
4019;Bene Vagienna;Piemonte;CN;3634
4020;Benevello;Piemonte;CN;483
4021;Bergolo;Piemonte;CN;54
4022;Bernezzo;Piemonte;CN;4207
4023;Bonvicino;Piemonte;CN;96
4024;Borgomale;Piemonte;CN;385
4025;Borgo San Dalmazzo;Piemonte;CN;12439
4026;Bosia;Piemonte;CN;174
4027;Bossolasco;Piemonte;CN;642
4028;Boves;Piemonte;CN;9636
4029;Bra;Piemonte;CN;29568
4030;Briaglia;Piemonte;CN;298
4031;Briga Alta;Piemonte;CN;41
4032;Brondello;Piemonte;CN;263
4033;Brossasco;Piemonte;CN;1009
4034;Busca;Piemonte;CN;10078
4035;Camerana;Piemonte;CN;578
4037;Canale;Piemonte;CN;5512
4038;Canosio;Piemonte;CN;79
4039;Caprauna;Piemonte;CN;96
4040;Caraglio;Piemonte;CN;6763
4041;Caramagna Piemonte;Piemonte;CN;3032
4042;Cardè;Piemonte;CN;1138
4043;Carrù;Piemonte;CN;4313
4044;Cartignano;Piemonte;CN;171
4045;Casalgrasso;Piemonte;CN;1403
4046;Castagnito;Piemonte;CN;2206
4047;Casteldelfino;Piemonte;CN;152
4049;Castelletto Stura;Piemonte;CN;1362
4050;Castelletto Uzzone;Piemonte;CN;309
4051;Castellinaldo d'Alba;Piemonte;CN;905
4052;Castellino Tanaro;Piemonte;CN;286
4053;Castelmagno;Piemonte;CN;59
4054;Castelnuovo di Ceva;Piemonte;CN;100
4055;Castiglione Falletto;Piemonte;CN;701
4056;Castiglione Tinella;Piemonte;CN;832
4057;Castino;Piemonte;CN;463
4058;Cavallerleone;Piemonte;CN;668
4059;Cavallermaggiore;Piemonte;CN;5447
4060;Celle di Macra;Piemonte;CN;82
4061;Centallo;Piemonte;CN;6877
4062;Ceresole Alba;Piemonte;CN;2007
4063;Cerretto Langhe;Piemonte;CN;410
4064;Cervasca;Piemonte;CN;5143
4065;Cervere;Piemonte;CN;2242
4066;Ceva;Piemonte;CN;5592
4067;Cherasco;Piemonte;CN;9401
4068;Chiusa di Pesio;Piemonte;CN;3577
4069;Cigliè;Piemonte;CN;185
4070;Cissone;Piemonte;CN;82
4071;Clavesana;Piemonte;CN;812
4072;Corneliano d'Alba;Piemonte;CN;2120
4073;Cortemilia;Piemonte;CN;2244
4074;Cossano Belbo;Piemonte;CN;928
4075;Costigliole Saluzzo;Piemonte;CN;3333
4076;Cravanzana;Piemonte;CN;374
4077;Crissolo;Piemonte;CN;154
4078;Cuneo;Piemonte;CN;55822
4079;Demonte;Piemonte;CN;1895
4080;Diano d'Alba;Piemonte;CN;3604
4081;Dogliani;Piemonte;CN;4572
4082;Dronero;Piemonte;CN;6981
4083;Elva;Piemonte;CN;87
4084;Entracque;Piemonte;CN;777
4085;Envie;Piemonte;CN;1946
4086;Farigliano;Piemonte;CN;1694
4087;Faule;Piemonte;CN;467
4088;Feisoglio;Piemonte;CN;297
4089;Fossano;Piemonte;CN;24333
4090;Frabosa Soprana;Piemonte;CN;743
4091;Frabosa Sottana;Piemonte;CN;1588
4092;Frassino;Piemonte;CN;264
4093;Gaiola;Piemonte;CN;566
4094;Gambasca;Piemonte;CN;341
4095;Garessio;Piemonte;CN;2902
4096;Genola;Piemonte;CN;2605
4097;Gorzegno;Piemonte;CN;257
4098;Gottasecca;Piemonte;CN;124
4099;Govone;Piemonte;CN;2260
4100;Grinzane Cavour;Piemonte;CN;1995
4101;Guarene;Piemonte;CN;3516
4102;Igliano;Piemonte;CN;64
4103;Isasca;Piemonte;CN;75
4104;Lagnasco;Piemonte;CN;1460
4105;La Morra;Piemonte;CN;2717
4106;Lequio Berria;Piemonte;CN;452
4107;Lequio Tanaro;Piemonte;CN;746
4108;Lesegno;Piemonte;CN;816
4109;Levice;Piemonte;CN;201
4110;Limone Piemonte;Piemonte;CN;1440
4111;Lisio;Piemonte;CN;189
4112;Macra;Piemonte;CN;46
4113;Magliano Alfieri;Piemonte;CN;2194
4114;Magliano Alpi;Piemonte;CN;2170
4115;Mango;Piemonte;CN;1259
4116;Manta;Piemonte;CN;3782
4117;Marene;Piemonte;CN;3271
4118;Margarita;Piemonte;CN;1426
4119;Marmora;Piemonte;CN;53
4120;Marsaglia;Piemonte;CN;213
4121;Martiniana Po;Piemonte;CN;730
4122;Melle;Piemonte;CN;292
4123;Moiola;Piemonte;CN;219
4124;Mombarcaro;Piemonte;CN;263
4125;Mombasiglio;Piemonte;CN;616
4126;Monastero di Vasco;Piemonte;CN;1266
4127;Monasterolo Casotto;Piemonte;CN;81
4128;Monasterolo di Savigliano;Piemonte;CN;1372
4129;Monchiero;Piemonte;CN;577
4130;Mondovì;Piemonte;CN;22233
4131;Monesiglio;Piemonte;CN;592
4132;Monforte d'Alba;Piemonte;CN;1963
4133;Montà;Piemonte;CN;4658
4134;Montaldo di Mondovì;Piemonte;CN;540
4135;Montaldo Roero;Piemonte;CN;848
4136;Montanera;Piemonte;CN;726
4137;Montelupo Albese;Piemonte;CN;484
4138;Montemale di Cuneo;Piemonte;CN;214
4139;Monterosso Grana;Piemonte;CN;517
4140;Monteu Roero;Piemonte;CN;1609
4141;Montezemolo;Piemonte;CN;237
4142;Monticello d'Alba;Piemonte;CN;2343
4143;Moretta;Piemonte;CN;4076
4144;Morozzo;Piemonte;CN;1990
4145;Murazzano;Piemonte;CN;838
4146;Murello;Piemonte;CN;942
4147;Narzole;Piemonte;CN;3469
4148;Neive;Piemonte;CN;3350
4149;Neviglie;Piemonte;CN;353
4150;Niella Belbo;Piemonte;CN;356
4151;Niella Tanaro;Piemonte;CN;974
4152;Novello;Piemonte;CN;973
4153;Nucetto;Piemonte;CN;402
4154;Oncino;Piemonte;CN;85
4155;Ormea;Piemonte;CN;1491
4156;Ostana;Piemonte;CN;84
4157;Paesana;Piemonte;CN;2629
4158;Pagno;Piemonte;CN;571
4159;Pamparato;Piemonte;CN;278
4160;Paroldo;Piemonte;CN;198
4161;Perletto;Piemonte;CN;264
4162;Perlo;Piemonte;CN;108
4163;Peveragno;Piemonte;CN;5542
4164;Pezzolo Valle Uzzone;Piemonte;CN;318
4165;Pianfei;Piemonte;CN;2102
4166;Piasco;Piemonte;CN;2703
4167;Pietraporzio;Piemonte;CN;74
4168;Piobesi d'Alba;Piemonte;CN;1399
4169;Piozzo;Piemonte;CN;975
4170;Pocapaglia;Piemonte;CN;3314
4171;Polonghera;Piemonte;CN;1111
4172;Pontechianale;Piemonte;CN;175
4173;Pradleves;Piemonte;CN;231
4174;Prazzo;Piemonte;CN;171
4175;Priero;Piemonte;CN;526
4176;Priocca;Piemonte;CN;2009
4177;Priola;Piemonte;CN;669
4178;Prunetto;Piemonte;CN;411
4179;Racconigi;Piemonte;CN;9729
4180;Revello;Piemonte;CN;4270
4181;Rifreddo;Piemonte;CN;1056
4182;Rittana;Piemonte;CN;108
4183;Roaschia;Piemonte;CN;98
4184;Roascio;Piemonte;CN;91
4185;Robilante;Piemonte;CN;2183
4186;Roburent;Piemonte;CN;475
4187;Roccabruna;Piemonte;CN;1525
4188;Rocca Cigliè;Piemonte;CN;126
4189;Rocca de' Baldi;Piemonte;CN;1571
4190;Roccaforte Mondovì;Piemonte;CN;2060
4191;Roccasparvera;Piemonte;CN;739
4192;Roccavione;Piemonte;CN;2655
4193;Rocchetta Belbo;Piemonte;CN;154
4194;Roddi;Piemonte;CN;1590
4195;Roddino;Piemonte;CN;415
4196;Rodello;Piemonte;CN;958
4197;Rossana;Piemonte;CN;809
4198;Ruffia;Piemonte;CN;359
4199;Sale delle Langhe;Piemonte;CN;475
4200;Sale San Giovanni;Piemonte;CN;161
4201;Saliceto;Piemonte;CN;1205
4202;Salmour;Piemonte;CN;731
4203;Saluzzo;Piemonte;CN;17471
4204;Sambuco;Piemonte;CN;85
4205;Sampeyre;Piemonte;CN;989
4206;San Benedetto Belbo;Piemonte;CN;153
4207;San Damiano Macra;Piemonte;CN;407
4208;Sanfrè;Piemonte;CN;2999
4209;Sanfront;Piemonte;CN;2290
4210;San Michele Mondovì;Piemonte;CN;1846
4211;Sant'Albano Stura;Piemonte;CN;2347
4212;Santa Vittoria d'Alba;Piemonte;CN;2878
4213;Santo Stefano Belbo;Piemonte;CN;3863
4214;Santo Stefano Roero;Piemonte;CN;1346
4215;Savigliano;Piemonte;CN;21431
4216;Scagnello;Piemonte;CN;177
4217;Scarnafigi;Piemonte;CN;2152
4218;Serralunga d'Alba;Piemonte;CN;548
4219;Serravalle Langhe;Piemonte;CN;300
4220;Sinio;Piemonte;CN;480
4221;Somano;Piemonte;CN;316
4222;Sommariva del Bosco;Piemonte;CN;6230
4223;Sommariva Perno;Piemonte;CN;2660
4224;Stroppo;Piemonte;CN;98
4225;Tarantasca;Piemonte;CN;2171
4226;Torre Bormida;Piemonte;CN;165
4227;Torre Mondovì;Piemonte;CN;491
4228;Torre San Giorgio;Piemonte;CN;725
4229;Torresina;Piemonte;CN;47
4230;Treiso;Piemonte;CN;774
4231;Trezzo Tinella;Piemonte;CN;310
4232;Trinità;Piemonte;CN;2223
4233;Valdieri;Piemonte;CN;917
4234;Valgrana;Piemonte;CN;792
4235;Valloriate;Piemonte;CN;99
4237;Venasca;Piemonte;CN;1352
4238;Verduno;Piemonte;CN;544
4239;Vernante;Piemonte;CN;1124
4240;Verzuolo;Piemonte;CN;6463
4241;Vezza d'Alba;Piemonte;CN;2338
4242;Vicoforte;Piemonte;CN;3166
4243;Vignolo;Piemonte;CN;2614
4244;Villafalletto;Piemonte;CN;2878
4245;Villanova Mondovì;Piemonte;CN;5715
4246;Villanova Solaro;Piemonte;CN;749
4247;Villar San Costanzo;Piemonte;CN;1543
4248;Vinadio;Piemonte;CN;597
4249;Viola;Piemonte;CN;359
4250;Vottignasco;Piemonte;CN;490
5001;Agliano Terme;Piemonte;AT;1563
5002;Albugnano;Piemonte;AT;491
5003;Antignano;Piemonte;AT;964
5004;Aramengo;Piemonte;AT;564
5005;Asti;Piemonte;AT;74065
5006;Azzano d'Asti;Piemonte;AT;382
5007;Baldichieri d'Asti;Piemonte;AT;1088
5008;Belveglio;Piemonte;AT;312
5009;Berzano di San Pietro;Piemonte;AT;407
5010;Bruno;Piemonte;AT;297
5011;Bubbio;Piemonte;AT;818
5012;Buttigliera d'Asti;Piemonte;AT;2517
5013;Calamandrana;Piemonte;AT;1663
5014;Calliano;Piemonte;AT;1226
5015;Calosso;Piemonte;AT;1171
5016;Camerano Casasco;Piemonte;AT;405
5017;Canelli;Piemonte;AT;10212
5018;Cantarana;Piemonte;AT;1003
5019;Capriglio;Piemonte;AT;321
5020;Casorzo;Piemonte;AT;597
5021;Cassinasco;Piemonte;AT;549
5022;Castagnole delle Lanze;Piemonte;AT;3673
5023;Castagnole Monferrato;Piemonte;AT;1157
5024;Castel Boglione;Piemonte;AT;583
5025;Castell'Alfero;Piemonte;AT;2657
5026;Castellero;Piemonte;AT;294
5027;Castelletto Molina;Piemonte;AT;140
5028;Castello di Annone;Piemonte;AT;1801
5029;Castelnuovo Belbo;Piemonte;AT;813
5030;Castelnuovo Calcea;Piemonte;AT;706
5031;Castelnuovo Don Bosco;Piemonte;AT;3079
5032;Castel Rocchero;Piemonte;AT;394
5033;Cellarengo;Piemonte;AT;706
5034;Celle Enomondo;Piemonte;AT;462
5035;Cerreto d'Asti;Piemonte;AT;223
5036;Cerro Tanaro;Piemonte;AT;594
5037;Cessole;Piemonte;AT;366
5038;Chiusano d'Asti;Piemonte;AT;228
5039;Cinaglio;Piemonte;AT;428
5040;Cisterna d'Asti;Piemonte;AT;1221
5041;Coazzolo;Piemonte;AT;285
5042;Cocconato;Piemonte;AT;1385
5044;Corsione;Piemonte;AT;201
5045;Cortandone;Piemonte;AT;310
5046;Cortanze;Piemonte;AT;273
5047;Cortazzone;Piemonte;AT;594
5048;Cortiglione;Piemonte;AT;522
5049;Cossombrato;Piemonte;AT;516
5050;Costigliole d'Asti;Piemonte;AT;5682
5051;Cunico;Piemonte;AT;444
5052;Dusino San Michele;Piemonte;AT;1065
5053;Ferrere;Piemonte;AT;1529
5054;Fontanile;Piemonte;AT;524
5055;Frinco;Piemonte;AT;733
5056;Grana;Piemonte;AT;542
5057;Grazzano Badoglio;Piemonte;AT;587
5058;Incisa Scapaccino;Piemonte;AT;2054
5059;Isola d'Asti;Piemonte;AT;1995
5060;Loazzolo;Piemonte;AT;319
5061;Maranzana;Piemonte;AT;233
5062;Maretto;Piemonte;AT;381
5063;Moasca;Piemonte;AT;504
5064;Mombaldone;Piemonte;AT;198
5065;Mombaruzzo;Piemonte;AT;1008
5066;Mombercelli;Piemonte;AT;2113
5067;Monale;Piemonte;AT;983
5068;Monastero Bormida;Piemonte;AT;882
5069;Moncalvo;Piemonte;AT;2769
5070;Moncucco Torinese;Piemonte;AT;878
5071;Mongardino;Piemonte;AT;857
5072;Montabone;Piemonte;AT;327
5073;Montafia;Piemonte;AT;929
5074;Montaldo Scarampi;Piemonte;AT;719
5075;Montechiaro d'Asti;Piemonte;AT;1216
5076;Montegrosso d'Asti;Piemonte;AT;2307
5077;Montemagno;Piemonte;AT;1053
5080;Nizza Monferrato;Piemonte;AT;10128
5081;Olmo Gentile;Piemonte;AT;70
5082;Passerano Marmorito;Piemonte;AT;420
5083;Penango;Piemonte;AT;445
5084;Piea;Piemonte;AT;541
5085;Pino d'Asti;Piemonte;AT;209
5086;Piovà Massaia;Piemonte;AT;571
5087;Portacomaro;Piemonte;AT;1955
5088;Quaranti;Piemonte;AT;159
5089;Refrancore;Piemonte;AT;1551
5090;Revigliasco d'Asti;Piemonte;AT;751
5091;Roatto;Piemonte;AT;369
5092;Robella;Piemonte;AT;467
5093;Rocca d'Arazzo;Piemonte;AT;915
5094;Roccaverano;Piemonte;AT;376
5095;Rocchetta Palafea;Piemonte;AT;352
5096;Rocchetta Tanaro;Piemonte;AT;1377
5097;San Damiano d'Asti;Piemonte;AT;8076
5098;San Giorgio Scarampi;Piemonte;AT;100
5099;San Martino Alfieri;Piemonte;AT;675
5100;San Marzano Oliveto;Piemonte;AT;992
5101;San Paolo Solbrito;Piemonte;AT;1184
5103;Scurzolengo;Piemonte;AT;529
5104;Serole;Piemonte;AT;107
5105;Sessame;Piemonte;AT;249
5106;Settime;Piemonte;AT;548
5107;Soglio;Piemonte;AT;156
5108;Tigliole;Piemonte;AT;1701
5109;Tonco;Piemonte;AT;782
5111;Vaglio Serra;Piemonte;AT;283
5112;Valfenera;Piemonte;AT;2365
5113;Vesime;Piemonte;AT;604
5114;Viale;Piemonte;AT;245
5115;Viarigi;Piemonte;AT;857
5116;Vigliano d'Asti;Piemonte;AT;808
5117;Villafranca d'Asti;Piemonte;AT;2955
5118;Villanova d'Asti;Piemonte;AT;5581
5119;Villa San Secondo;Piemonte;AT;370
5120;Vinchio;Piemonte;AT;555
5121;Montiglio Monferrato;Piemonte;AT;1556
5122;Moransengo-Tonengo;Piemonte;AT;397
6001;Acqui Terme;Piemonte;AL;19223
6002;Albera Ligure;Piemonte;AL;297
6003;Alessandria;Piemonte;AL;91089
6004;Alfiano Natta;Piemonte;AL;742
6005;Alice Bel Colle;Piemonte;AL;730
6007;Altavilla Monferrato;Piemonte;AL;412
6008;Alzano Scrivia;Piemonte;AL;358
6009;Arquata Scrivia;Piemonte;AL;6254
6010;Avolasca;Piemonte;AL;257
6011;Balzola;Piemonte;AL;1311
6012;Basaluzzo;Piemonte;AL;2015
6013;Bassignana;Piemonte;AL;1575
6014;Belforte Monferrato;Piemonte;AL;502
6015;Bergamasco;Piemonte;AL;709
6016;Berzano di Tortona;Piemonte;AL;158
6017;Bistagno;Piemonte;AL;1773
6018;Borghetto di Borbera;Piemonte;AL;1914
6019;Borgoratto Alessandrino;Piemonte;AL;549
6020;Borgo San Martino;Piemonte;AL;1375
6021;Bosco Marengo;Piemonte;AL;2265
6022;Bosio;Piemonte;AL;1082
6023;Bozzole;Piemonte;AL;320
6024;Brignano-Frascata;Piemonte;AL;429
6025;Cabella Ligure;Piemonte;AL;482
6026;Camagna Monferrato;Piemonte;AL;467
6027;Camino;Piemonte;AL;728
6028;Cantalupo Ligure;Piemonte;AL;453
6029;Capriata d'Orba;Piemonte;AL;1795
6030;Carbonara Scrivia;Piemonte;AL;1098
6031;Carentino;Piemonte;AL;333
6032;Carezzano;Piemonte;AL;420
6033;Carpeneto;Piemonte;AL;913
6034;Carrega Ligure;Piemonte;AL;88
6035;Carrosio;Piemonte;AL;489
6036;Cartosio;Piemonte;AL;724
6037;Casal Cermelli;Piemonte;AL;1167
6038;Casaleggio Boiro;Piemonte;AL;364
6039;Casale Monferrato;Piemonte;AL;32641
6040;Casalnoceto;Piemonte;AL;979
6041;Casasco;Piemonte;AL;116
6043;Cassine;Piemonte;AL;2860
6044;Cassinelle;Piemonte;AL;852
6045;Castellania Coppi;Piemonte;AL;85
6046;Castellar Guidobono;Piemonte;AL;397
6047;Castellazzo Bormida;Piemonte;AL;4389
6048;Castelletto d'Erro;Piemonte;AL;143
6049;Castelletto d'Orba;Piemonte;AL;1858
6050;Castelletto Merli;Piemonte;AL;452
6051;Castelletto Monferrato;Piemonte;AL;1428
6052;Castelnuovo Bormida;Piemonte;AL;626
6053;Castelnuovo Scrivia;Piemonte;AL;4874
6054;Castelspina;Piemonte;AL;391
6055;Cavatore;Piemonte;AL;257
6056;Cella Monte;Piemonte;AL;477
6057;Cereseto;Piemonte;AL;391
6058;Cerreto Grue;Piemonte;AL;302
6059;Cerrina Monferrato;Piemonte;AL;1301
6060;Coniolo;Piemonte;AL;451
6061;Conzano;Piemonte;AL;948
6062;Costa Vescovato;Piemonte;AL;323
6063;Cremolino;Piemonte;AL;991
6065;Denice;Piemonte;AL;172
6066;Dernice;Piemonte;AL;180
6067;Fabbrica Curone;Piemonte;AL;594
6068;Felizzano;Piemonte;AL;2142
6069;Fraconalto;Piemonte;AL;305
6070;Francavilla Bisio;Piemonte;AL;502
6071;Frascaro;Piemonte;AL;433
6072;Frassinello Monferrato;Piemonte;AL;474
6073;Frassineto Po;Piemonte;AL;1371
6074;Fresonara;Piemonte;AL;624
6075;Frugarolo;Piemonte;AL;1885
6076;Fubine Monferrato;Piemonte;AL;1579
6077;Gabiano;Piemonte;AL;1003
6078;Gamalero;Piemonte;AL;825
6079;Garbagna;Piemonte;AL;618
6081;Gavi;Piemonte;AL;4454
6082;Giarole;Piemonte;AL;683
6083;Gremiasco;Piemonte;AL;295
6084;Grognardo;Piemonte;AL;241
6085;Grondona;Piemonte;AL;471
6086;Guazzora;Piemonte;AL;302
6087;Isola Sant'Antonio;Piemonte;AL;651
6088;Lerma;Piemonte;AL;823
6090;Malvicino;Piemonte;AL;83
6091;Masio;Piemonte;AL;1296
6092;Melazzo;Piemonte;AL;1249
6093;Merana;Piemonte;AL;180
6094;Mirabello Monferrato;Piemonte;AL;1212
6095;Molare;Piemonte;AL;2069
6096;Molino dei Torti;Piemonte;AL;570
6097;Mombello Monferrato;Piemonte;AL;946
6098;Momperone;Piemonte;AL;203
6099;Moncestino;Piemonte;AL;197
6100;Mongiardino Ligure;Piemonte;AL;150
6101;Monleale;Piemonte;AL;558
6102;Montacuto;Piemonte;AL;242
6103;Montaldeo;Piemonte;AL;243
6104;Montaldo Bormida;Piemonte;AL;612
6105;Montecastello;Piemonte;AL;306
6106;Montechiaro d'Acqui;Piemonte;AL;513
6107;Montegioco;Piemonte;AL;286
6108;Montemarzino;Piemonte;AL;309
6109;Morano sul Po;Piemonte;AL;1324
6110;Morbello;Piemonte;AL;418
6111;Mornese;Piemonte;AL;707
6112;Morsasco;Piemonte;AL;615
6113;Murisengo;Piemonte;AL;1303
6114;Novi Ligure;Piemonte;AL;27683
6115;Occimiano;Piemonte;AL;1261
6116;Odalengo Grande;Piemonte;AL;406
6117;Odalengo Piccolo;Piemonte;AL;240
6118;Olivola;Piemonte;AL;115
6119;Orsara Bormida;Piemonte;AL;408
6120;Ottiglio;Piemonte;AL;592
6121;Ovada;Piemonte;AL;10975
6122;Oviglio;Piemonte;AL;1182
6123;Ozzano Monferrato;Piemonte;AL;1358
6124;Paderna;Piemonte;AL;204
6125;Pareto;Piemonte;AL;520
6126;Parodi Ligure;Piemonte;AL;622
6127;Pasturana;Piemonte;AL;1276
6128;Pecetto di Valenza;Piemonte;AL;1156
6129;Pietra Marazzi;Piemonte;AL;874
6131;Pomaro Monferrato;Piemonte;AL;328
6132;Pontecurone;Piemonte;AL;3422
6133;Pontestura;Piemonte;AL;1331
6134;Ponti;Piemonte;AL;550
6135;Ponzano Monferrato;Piemonte;AL;326
6136;Ponzone;Piemonte;AL;1003
6137;Pozzol Groppo;Piemonte;AL;301
6138;Pozzolo Formigaro;Piemonte;AL;4522
6139;Prasco;Piemonte;AL;478
6140;Predosa;Piemonte;AL;1910
6141;Quargnento;Piemonte;AL;1352
6142;Quattordio;Piemonte;AL;1524
6143;Ricaldone;Piemonte;AL;618
6144;Rivalta Bormida;Piemonte;AL;1361
6145;Rivarone;Piemonte;AL;389
6146;Roccaforte Ligure;Piemonte;AL;126
6147;Rocca Grimalda;Piemonte;AL;1430
6148;Rocchetta Ligure;Piemonte;AL;222
6149;Rosignano Monferrato;Piemonte;AL;1461
6150;Sala Monferrato;Piemonte;AL;339
6151;Sale;Piemonte;AL;3913
6152;San Cristoforo;Piemonte;AL;547
6153;San Giorgio Monferrato;Piemonte;AL;1192
6154;San Salvatore Monferrato;Piemonte;AL;4055
6155;San Sebastiano Curone;Piemonte;AL;533
6156;Sant'Agata Fossili;Piemonte;AL;368
6157;Sardigliano;Piemonte;AL;384
6158;Sarezzano;Piemonte;AL;1134
6159;Serralunga di Crea;Piemonte;AL;513
6160;Serravalle Scrivia;Piemonte;AL;5872
6161;Sezzadio;Piemonte;AL;1205
6162;Silvano d'Orba;Piemonte;AL;1874
6163;Solero;Piemonte;AL;1570
6164;Solonghello;Piemonte;AL;200
6165;Spigno Monferrato;Piemonte;AL;956
6166;Spineto Scrivia;Piemonte;AL;363
6167;Stazzano;Piemonte;AL;2369
6168;Strevi;Piemonte;AL;1906
6169;Tagliolo Monferrato;Piemonte;AL;1510
6170;Tassarolo;Piemonte;AL;600
6171;Terruggia;Piemonte;AL;906
6172;Terzo;Piemonte;AL;846
6173;Ticineto;Piemonte;AL;1304
6174;Tortona;Piemonte;AL;26713
6175;Treville;Piemonte;AL;268
6176;Trisobbio;Piemonte;AL;670
6177;Valenza;Piemonte;AL;18149
6178;Valmacca;Piemonte;AL;959
6179;Vignale Monferrato;Piemonte;AL;945
6180;Vignole Borbera;Piemonte;AL;2023
6181;Viguzzolo;Piemonte;AL;3064
6182;Villadeati;Piemonte;AL;480
6183;Villalvernia;Piemonte;AL;884
6184;Villamiroglio;Piemonte;AL;295
6185;Villanova Monferrato;Piemonte;AL;1752
6186;Villaromagnano;Piemonte;AL;663
6187;Visone;Piemonte;AL;1141
6188;Volpedo;Piemonte;AL;1170
6189;Volpeglino;Piemonte;AL;134
6190;Voltaggio;Piemonte;AL;671
6191;Cassano Spinola;Piemonte;AL;1843
6192;Alluvioni Piovera;Piemonte;AL;1635
6193;Lu e Cuccaro Monferrato;Piemonte;AL;1338
7001;Allein;Valle d'Aosta;AO;208
7002;Antey-Saint-Andrè;Valle d'Aosta;AO;546
7003;Aosta;Valle d'Aosta;AO;33523
7004;Arnad;Valle d'Aosta;AO;1227
7005;Arvier;Valle d'Aosta;AO;852
7006;Avise;Valle d'Aosta;AO;298
7007;Ayas;Valle d'Aosta;AO;1399
7008;Aymavilles;Valle d'Aosta;AO;2098
7009;Bard;Valle d'Aosta;AO;112
7010;Bionaz;Valle d'Aosta;AO;218
7011;Brissogne;Valle d'Aosta;AO;942
7012;Brusson;Valle d'Aosta;AO;863
7013;Challand-Saint-Anselme;Valle d'Aosta;AO;736
7014;Challand-Saint-Victor;Valle d'Aosta;AO;536
7015;Chambave;Valle d'Aosta;AO;872
7016;Chamois;Valle d'Aosta;AO;108
7017;Champdepraz;Valle d'Aosta;AO;700
7018;Champorcher;Valle d'Aosta;AO;380
7019;Charvensod;Valle d'Aosta;AO;2377
7020;Chatillon;Valle d'Aosta;AO;4450
7021;Cogne;Valle d'Aosta;AO;1343
7022;Courmayeur;Valle d'Aosta;AO;2734
7023;Donnas;Valle d'Aosta;AO;2405
7024;Doues;Valle d'Aosta;AO;497
7025;Emarèse;Valle d'Aosta;AO;220
7026;Etroubles;Valle d'Aosta;AO;483
7027;Fénis;Valle d'Aosta;AO;1778
7028;Fontainemore;Valle d'Aosta;AO;433
7029;Gaby;Valle d'Aosta;AO;437
7030;Gignod;Valle d'Aosta;AO;1739
7031;Gressan;Valle d'Aosta;AO;3380
7032;Gressoney-la-Trinitè;Valle d'Aosta;AO;322
7033;Gressoney-Saint-Jean;Valle d'Aosta;AO;804
7034;Hone;Valle d'Aosta;AO;1154
7035;Introd;Valle d'Aosta;AO;646
7036;Issime;Valle d'Aosta;AO;393
7037;Issogne;Valle d'Aosta;AO;1347
7038;Jovencan;Valle d'Aosta;AO;712
7039;La Magdeleine;Valle d'Aosta;AO;108
7040;La Salle;Valle d'Aosta;AO;2007
7041;La Thuile;Valle d'Aosta;AO;819
7042;Lillianes;Valle d'Aosta;AO;446
7043;Montjovet;Valle d'Aosta;AO;1749
7044;Morgex;Valle d'Aosta;AO;2097
7045;Nus;Valle d'Aosta;AO;2984
7046;Ollomont;Valle d'Aosta;AO;161
7047;Oyace;Valle d'Aosta;AO;209
7048;Perloz;Valle d'Aosta;AO;452
7049;Pollein;Valle d'Aosta;AO;1520
7050;Pontboset;Valle d'Aosta;AO;170
7051;Pontey;Valle d'Aosta;AO;798
7052;Pont-Saint-Martin;Valle d'Aosta;AO;3571
7053;Prè-Saint-Didier;Valle d'Aosta;AO;996
7054;Quart;Valle d'Aosta;AO;4101
7055;Rhemes-Notre-Dame;Valle d'Aosta;AO;83
7056;Rhemes-Saint-Georges;Valle d'Aosta;AO;172
7057;Roisan;Valle d'Aosta;AO;1015
7058;Saint-Christophe;Valle d'Aosta;AO;3471
7059;Saint-Denis;Valle d'Aosta;AO;366
7060;Saint-Marcel;Valle d'Aosta;AO;1311
7061;Saint-Nicolas;Valle d'Aosta;AO;320
7062;Saint-Oyen;Valle d'Aosta;AO;194
7063;Saint-Pierre;Valle d'Aosta;AO;3220
7064;Saint-Rhémy-en-Bosses;Valle d'Aosta;AO;333
7065;Saint-Vincent;Valle d'Aosta;AO;4465
7066;Sarre;Valle d'Aosta;AO;4793
7067;Torgnon;Valle d'Aosta;AO;555
7068;Valgrisenche;Valle d'Aosta;AO;192
7069;Valpelline;Valle d'Aosta;AO;594
7070;Valsavarenche;Valle d'Aosta;AO;168
7071;Valtournenche;Valle d'Aosta;AO;2273
7072;Verrayes;Valle d'Aosta;AO;1267
7073;Verrès;Valle d'Aosta;AO;2590
7074;Villeneuve;Valle d'Aosta;AO;1247
8001;Airole;Liguria;IM;376
8002;Apricale;Liguria;IM;643
8003;Aquila d'Arroscia;Liguria;IM;149
8004;Armo;Liguria;IM;116
8005;Aurigo;Liguria;IM;338
8006;Badalucco;Liguria;IM;1059
8007;Bajardo;Liguria;IM;321
8008;Bordighera;Liguria;IM;10160
8009;Borghetto d'Arroscia;Liguria;IM;403
8010;Borgomaro;Liguria;IM;822
8011;Camporosso;Liguria;IM;5474
8012;Caravonica;Liguria;IM;254
8014;Castellaro;Liguria;IM;1222
8015;Castel Vittorio;Liguria;IM;263
8016;Ceriana;Liguria;IM;1083
8017;Cervo;Liguria;IM;1129
8018;Cesio;Liguria;IM;273
8019;Chiusanico;Liguria;IM;585
8020;Chiusavecchia;Liguria;IM;515
8021;Cipressa;Liguria;IM;1197
8022;Civezza;Liguria;IM;619
8023;Cosio d'Arroscia;Liguria;IM;179
8024;Costarainera;Liguria;IM;773
8025;Diano Arentino;Liguria;IM;689
8026;Diano Castello;Liguria;IM;2266
8027;Diano Marina;Liguria;IM;5681
8028;Diano San Pietro;Liguria;IM;1066
8029;Dolceacqua;Liguria;IM;2085
8030;Dolcedo;Liguria;IM;1283
8031;Imperia;Liguria;IM;41941
8032;Isolabona;Liguria;IM;685
8033;Lucinasco;Liguria;IM;275
8034;Mendatica;Liguria;IM;171
8035;Molini di Triora;Liguria;IM;606
8037;Montegrosso Pian Latte;Liguria;IM;122
8038;Olivetta San Michele;Liguria;IM;199
8039;Ospedaletti;Liguria;IM;3205
8040;Perinaldo;Liguria;IM;826
8041;Pietrabruna;Liguria;IM;446
8042;Pieve di Teco;Liguria;IM;1315
8043;Pigna;Liguria;IM;766
8044;Pompeiana;Liguria;IM;851
8045;Pontedassio;Liguria;IM;2318
8046;Pornassio;Liguria;IM;663
8047;Prelà;Liguria;IM;478
8048;Ranzo;Liguria;IM;545
8049;Rezzo;Liguria;IM;311
8050;Riva Ligure;Liguria;IM;2800
8051;Rocchetta Nervina;Liguria;IM;304
8052;San Bartolomeo al Mare;Liguria;IM;2983
8053;San Biagio della Cima;Liguria;IM;1238
8054;San Lorenzo al Mare;Liguria;IM;1235
8055;Sanremo;Liguria;IM;53451
8056;Santo Stefano al Mare;Liguria;IM;2058
8057;Seborga;Liguria;IM;281
8058;Soldano;Liguria;IM;1005
8059;Taggia;Liguria;IM;13869
8060;Terzorio;Liguria;IM;237
8061;Triora;Liguria;IM;360
8062;Vallebona;Liguria;IM;1259
8063;Vallecrosia;Liguria;IM;6700
8064;Vasia;Liguria;IM;386
8065;Ventimiglia;Liguria;IM;23131
8066;Vessalico;Liguria;IM;254
8067;Villa Faraldi;Liguria;IM;447
8068;Montalto Carpasio;Liguria;IM;500
9001;Alassio;Liguria;SV;10322
9002;Albenga;Liguria;SV;23749
9003;Albissola Marina;Liguria;SV;5292
9004;Albisola Superiore;Liguria;SV;9539
9005;Altare;Liguria;SV;1962
9006;Andora;Liguria;SV;7297
9007;Arnasco;Liguria;SV;585
9008;Balestrino;Liguria;SV;534
9009;Bardineto;Liguria;SV;758
9010;Bergeggi;Liguria;SV;1077
9011;Boissano;Liguria;SV;2472
9012;Borghetto Santo Spirito;Liguria;SV;4552
9013;Borgio Verezzi;Liguria;SV;2084
9014;Bormida;Liguria;SV;357
9015;Cairo Montenotte;Liguria;SV;12691
9016;Calice Ligure;Liguria;SV;1682
9017;Calizzano;Liguria;SV;1426
9018;Carcare;Liguria;SV;5295
9019;Casanova Lerrone;Liguria;SV;705
9020;Castelbianco;Liguria;SV;310
9021;Castelvecchio di Rocca Barbena;Liguria;SV;132
9022;Celle Ligure;Liguria;SV;4982
9023;Cengio;Liguria;SV;3308
9024;Ceriale;Liguria;SV;5375
9025;Cisano sul Neva;Liguria;SV;2123
9026;Cosseria;Liguria;SV;1062
9027;Dego;Liguria;SV;1892
9028;Erli;Liguria;SV;222
9029;Finale Ligure;Liguria;SV;11304
9030;Garlenda;Liguria;SV;1302
9031;Giustenice;Liguria;SV;986
9032;Giusvalla;Liguria;SV;406
9033;Laigueglia;Liguria;SV;1712
9034;Loano;Liguria;SV;10866
9035;Magliolo;Liguria;SV;940
9036;Mallare;Liguria;SV;1058
9037;Massimino;Liguria;SV;104
9038;Millesimo;Liguria;SV;3247
9039;Mioglia;Liguria;SV;501
9040;Murialdo;Liguria;SV;771
9041;Nasino;Liguria;SV;173
9042;Noli;Liguria;SV;2470
9043;Onzo;Liguria;SV;211
9044;Orco Feglino;Liguria;SV;919
9045;Ortovero;Liguria;SV;1584
9046;Osiglia;Liguria;SV;439
9047;Pallare;Liguria;SV;919
9048;Piana Crixia;Liguria;SV;787
9049;Pietra Ligure;Liguria;SV;8404
9050;Plodio;Liguria;SV;626
9051;Pontinvrea;Liguria;SV;840
9052;Quiliano;Liguria;SV;6934
9053;Rialto;Liguria;SV;558
9054;Roccavignale;Liguria;SV;761
9055;Sassello;Liguria;SV;1756
9056;Savona;Liguria;SV;58949
9057;Spotorno;Liguria;SV;3565
9058;Stella;Liguria;SV;2929
9059;Stellanello;Liguria;SV;829
9060;Testico;Liguria;SV;178
9061;Toirano;Liguria;SV;2655
9062;Tovo San Giacomo;Liguria;SV;2514
9063;Urbe;Liguria;SV;670
9064;Vado Ligure;Liguria;SV;8180
9065;Varazze;Liguria;SV;12697
9066;Vendone;Liguria;SV;364
9067;Vezzi Portio;Liguria;SV;807
9068;Villanova d'Albenga;Liguria;SV;2761
9069;Zuccarello;Liguria;SV;291
10001;Arenzano;Liguria;GE;11219
10002;Avegno;Liguria;GE;2506
10003;Bargagli;Liguria;GE;2532
10004;Bogliasco;Liguria;GE;4365
10005;Borzonasca;Liguria;GE;1848
10006;Busalla;Liguria;GE;5194
10007;Camogli;Liguria;GE;5087
10008;Campo Ligure;Liguria;GE;2816
10009;Campomorone;Liguria;GE;6488
10010;Carasco;Liguria;GE;3705
10011;Casarza Ligure;Liguria;GE;6743
10012;Casella;Liguria;GE;3110
10013;Castiglione Chiavarese;Liguria;GE;1579
10014;Ceranesi;Liguria;GE;3679
10015;Chiavari;Liguria;GE;27244
10016;Cicagna;Liguria;GE;2245
10017;Cogoleto;Liguria;GE;8737
10018;Cogorno;Liguria;GE;5672
10019;Coreglia Ligure;Liguria;GE;267
10020;Crocefieschi;Liguria;GE;518
10021;Davagna;Liguria;GE;1786
10022;Fascia;Liguria;GE;70
10023;Favale di Malvaro;Liguria;GE;434
10024;Fontanigorda;Liguria;GE;258
10025;Genova;Liguria;GE;566410
10026;Gorreto;Liguria;GE;90
10027;Isola del Cantone;Liguria;GE;1426
10028;Lavagna;Liguria;GE;12352
10029;Leivi;Liguria;GE;2383
10030;Lorsica;Liguria;GE;417
10031;Lumarzo;Liguria;GE;1475
10032;Masone;Liguria;GE;3497
10033;Mele;Liguria;GE;2626
10034;Mezzanego;Liguria;GE;1456
10035;Mignanego;Liguria;GE;3501
10036;Moconesi;Liguria;GE;2411
10037;Moneglia;Liguria;GE;2630
10038;Montebruno;Liguria;GE;211
10039;Montoggio;Liguria;GE;1995
10040;Ne;Liguria;GE;2174
10041;Neirone;Liguria;GE;822
10042;Orero;Liguria;GE;512
10043;Pieve Ligure;Liguria;GE;2475
10044;Portofino;Liguria;GE;374
10045;Propata;Liguria;GE;125
10046;Rapallo;Liguria;GE;29148
10047;Recco;Liguria;GE;9442
10048;Rezzoaglio;Liguria;GE;913
10049;Ronco Scrivia;Liguria;GE;4192
10050;Rondanina;Liguria;GE;59
10051;Rossiglione;Liguria;GE;2606
10052;Rovegno;Liguria;GE;500
10053;San Colombano Certenoli;Liguria;GE;2593
10054;Santa Margherita Ligure;Liguria;GE;8724
10055;Sant'Olcese;Liguria;GE;5633
10056;Santo Stefano d'Aveto;Liguria;GE;1015
10057;Savignone;Liguria;GE;3038
10058;Serra Riccò;Liguria;GE;7621
10059;Sestri Levante;Liguria;GE;17788
10060;Sori;Liguria;GE;4010
10061;Tiglieto;Liguria;GE;495
10062;Torriglia;Liguria;GE;2198
10063;Tribogna;Liguria;GE;584
10064;Uscio;Liguria;GE;2135
10065;Valbrevenna;Liguria;GE;759
10066;Vobbia;Liguria;GE;370
10067;Zoagli;Liguria;GE;2325
11001;Ameglia;Liguria;SP;4270
11002;Arcola;Liguria;SP;10125
11003;Beverino;Liguria;SP;2267
11004;Bolano;Liguria;SP;7444
11005;Bonassola;Liguria;SP;822
11006;Borghetto di Vara;Liguria;SP;886
11007;Brugnato;Liguria;SP;1285
11008;Calice al Cornoviglio;Liguria;SP;1058
11009;Carro;Liguria;SP;518
11010;Carrodano;Liguria;SP;476
11011;Castelnuovo Magra;Liguria;SP;8320
11012;Deiva Marina;Liguria;SP;1338
11013;Follo;Liguria;SP;6203
11014;Framura;Liguria;SP;632
11015;La Spezia;Liguria;SP;92441
11016;Lerici;Liguria;SP;9648
11017;Levanto;Liguria;SP;5263
11018;Maissana;Liguria;SP;597
11019;Monterosso al Mare;Liguria;SP;1383
11020;Luni;Liguria;SP;8236
11021;Pignone;Liguria;SP;540
11022;Portovenere;Liguria;SP;3348
11023;Riccò del Golfo di Spezia;Liguria;SP;3566
11024;Riomaggiore;Liguria;SP;1392
11025;Rocchetta di Vara;Liguria;SP;677
11026;Santo Stefano di Magra;Liguria;SP;9836
11027;Sarzana;Liguria;SP;21697
11028;Sesta Godano;Liguria;SP;1294
11029;Varese Ligure;Liguria;SP;1834
11030;Vernazza;Liguria;SP;766
11031;Vezzano Ligure;Liguria;SP;7237
11032;Zignago;Liguria;SP;488
12001;Agra;Lombardia;VA;416
12002;Albizzate;Lombardia;VA;5203
12003;Angera;Lombardia;VA;5365
12004;Arcisate;Lombardia;VA;9956
12005;Arsago Seprio;Lombardia;VA;4806
12006;Azzate;Lombardia;VA;4613
12007;Azzio;Lombardia;VA;753
12008;Barasso;Lombardia;VA;1657
12010;Bedero Valcuvia;Lombardia;VA;667
12011;Besano;Lombardia;VA;2531
12012;Besnate;Lombardia;VA;5475
12013;Besozzo;Lombardia;VA;8793
12014;Biandronno;Lombardia;VA;3210
12015;Bisuschio;Lombardia;VA;4293
12016;Bodio Lomnago;Lombardia;VA;2212
12017;Brebbia;Lombardia;VA;3194
12019;Brenta;Lombardia;VA;1741
12020;Brezzo di Bedero;Lombardia;VA;1244
12021;Brinzio;Lombardia;VA;790
12022;Brissago-Valtravaglia;Lombardia;VA;1227
12023;Brunello;Lombardia;VA;943
12024;Brusimpiano;Lombardia;VA;1170
12025;Buguggiate;Lombardia;VA;3078
12026;Busto Arsizio;Lombardia;VA;83045
12027;Cadegliano-Viconago;Lombardia;VA;2154
12029;Cairate;Lombardia;VA;7687
12030;Cantello;Lombardia;VA;4750
12031;Caravate;Lombardia;VA;2591
12032;Cardano al Campo;Lombardia;VA;14780
12033;Carnago;Lombardia;VA;6591
12034;Caronno Pertusella;Lombardia;VA;18035
12035;Caronno Varesino;Lombardia;VA;4787
12036;Casale Litta;Lombardia;VA;2711
12037;Casalzuigno;Lombardia;VA;1340
12038;Casciago;Lombardia;VA;3613
12039;Casorate Sempione;Lombardia;VA;5648
12040;Cassano Magnago;Lombardia;VA;21385
12041;Cassano Valcuvia;Lombardia;VA;653
12042;Castellanza;Lombardia;VA;14328
12043;Castello Cabiaglio;Lombardia;VA;551
12044;Castelseprio;Lombardia;VA;1297
12045;Castelveccana;Lombardia;VA;1894
12046;Castiglione Olona;Lombardia;VA;7635
12047;Castronno;Lombardia;VA;5042
12048;Cavaria con Premezzo;Lombardia;VA;5692
12049;Cazzago Brabbia;Lombardia;VA;799
12050;Cislago;Lombardia;VA;10328
12051;Cittiglio;Lombardia;VA;3797
12052;Clivio;Lombardia;VA;1909
12053;Cocquio-Trevisago;Lombardia;VA;4612
12054;Comabbio;Lombardia;VA;1228
12055;Comerio;Lombardia;VA;2880
12056;Cremenaga;Lombardia;VA;774
12057;Crosio della Valle;Lombardia;VA;600
12058;Cuasso al Monte;Lombardia;VA;3598
12059;Cugliate-Fabiasco;Lombardia;VA;3046
12060;Cunardo;Lombardia;VA;2902
12061;Curiglia con Monteviasco;Lombardia;VA;156
12062;Cuveglio;Lombardia;VA;3266
12063;Cuvio;Lombardia;VA;1626
12064;Daverio;Lombardia;VA;3046
12065;Dumenza;Lombardia;VA;1474
12066;Duno;Lombardia;VA;137
12067;Fagnano Olona;Lombardia;VA;12350
12068;Ferno;Lombardia;VA;6765
12069;Ferrera di Varese;Lombardia;VA;702
12070;Gallarate;Lombardia;VA;52787
12071;Galliate Lombardo;Lombardia;VA;989
12072;Gavirate;Lombardia;VA;9068
12073;Gazzada Schianno;Lombardia;VA;4538
12074;Gemonio;Lombardia;VA;2884
12075;Gerenzano;Lombardia;VA;10804
12076;Germignaga;Lombardia;VA;3822
12077;Golasecca;Lombardia;VA;2641
12078;Gorla Maggiore;Lombardia;VA;4922
12079;Gorla Minore;Lombardia;VA;8132
12080;Gornate Olona;Lombardia;VA;2161
12081;Grantola;Lombardia;VA;1232
12082;Inarzo;Lombardia;VA;1062
12083;Induno Olona;Lombardia;VA;10303
12084;Ispra;Lombardia;VA;5208
12085;Jerago con Orago;Lombardia;VA;5241
12086;Lavena Ponte Tresa;Lombardia;VA;5812
12087;Laveno-Mombello;Lombardia;VA;8380
12088;Leggiuno;Lombardia;VA;3632
12089;Lonate Ceppino;Lombardia;VA;5052
12090;Lonate Pozzolo;Lombardia;VA;11483
12091;Lozza;Lombardia;VA;1225
12092;Luino;Lombardia;VA;14207
12093;Luvinate;Lombardia;VA;1292
12096;Malnate;Lombardia;VA;16391
12097;Marchirolo;Lombardia;VA;3492
12098;Marnate;Lombardia;VA;8010
12099;Marzio;Lombardia;VA;311
12100;Masciago Primo;Lombardia;VA;307
12101;Mercallo;Lombardia;VA;1776
12102;Mesenzana;Lombardia;VA;1623
12103;Montegrino Valtravaglia;Lombardia;VA;1492
12104;Monvalle;Lombardia;VA;1946
12105;Morazzone;Lombardia;VA;4255
12106;Mornago;Lombardia;VA;4945
12107;Oggiona con Santo Stefano;Lombardia;VA;4308
12108;Olgiate Olona;Lombardia;VA;12585
12109;Origgio;Lombardia;VA;7909
12110;Orino;Lombardia;VA;826
12113;Porto Ceresio;Lombardia;VA;2850
12114;Porto Valtravaglia;Lombardia;VA;2294
12115;Rancio Valcuvia;Lombardia;VA;904
12116;Ranco;Lombardia;VA;1240
12117;Saltrio;Lombardia;VA;2987
12118;Samarate;Lombardia;VA;16065
12119;Saronno;Lombardia;VA;38755
12120;Sesto Calende;Lombardia;VA;11055
12121;Solbiate Arno;Lombardia;VA;4014
12122;Solbiate Olona;Lombardia;VA;5341
12123;Somma Lombardo;Lombardia;VA;17785
12124;Sumirago;Lombardia;VA;6014
12125;Taino;Lombardia;VA;3584
12126;Ternate;Lombardia;VA;2537
12127;Tradate;Lombardia;VA;18797
12128;Travedona-Monate;Lombardia;VA;3989
12129;Tronzano Lago Maggiore;Lombardia;VA;219
12130;Uboldo;Lombardia;VA;10607
12131;Valganna;Lombardia;VA;1587
12132;Varano Borghi;Lombardia;VA;2446
12133;Varese;Lombardia;VA;79350
12134;Vedano Olona;Lombardia;VA;7328
12136;Venegono Inferiore;Lombardia;VA;5980
12137;Venegono Superiore;Lombardia;VA;7289
12138;Vergiate;Lombardia;VA;8641
12139;Viggiù;Lombardia;VA;5079
12140;Vizzola Ticino;Lombardia;VA;574
12141;Sangiano;Lombardia;VA;1483
12142;Maccagno con Pino e Veddasca;Lombardia;VA;2423
12143;Cadrezzate con Osmate;Lombardia;VA;2638
12144;Bardello con Malgesso e Bregano;Lombardia;VA;3634
13003;Albavilla;Lombardia;CO;6359
13004;Albese con Cassano;Lombardia;CO;4187
13005;Albiolo;Lombardia;CO;2709
13006;Alserio;Lombardia;CO;1263
13007;Alzate Brianza;Lombardia;CO;4827
13009;Anzano del Parco;Lombardia;CO;1786
13010;Appiano Gentile;Lombardia;CO;7652
13011;Argegno;Lombardia;CO;686
13012;Arosio;Lombardia;CO;5106
13013;Asso;Lombardia;CO;3562
13015;Barni;Lombardia;CO;563
13021;Bene Lario;Lombardia;CO;321
13022;Beregazzo con Figliaro;Lombardia;CO;2787
13023;Binago;Lombardia;CO;4765
13024;Bizzarone;Lombardia;CO;1728
13025;Blessagno;Lombardia;CO;287
13026;Blevio;Lombardia;CO;1143
13028;Bregnano;Lombardia;CO;6439
13029;Brenna;Lombardia;CO;2165
13030;Brienno;Lombardia;CO;335
13032;Brunate;Lombardia;CO;1664
13034;Bulgarograsso;Lombardia;CO;4026
13035;Cabiate;Lombardia;CO;7416
13036;Cadorago;Lombardia;CO;7957
13037;Caglio;Lombardia;CO;498
13040;Campione d'Italia;Lombardia;CO;1779
13041;Cantù;Lombardia;CO;39469
13042;Canzo;Lombardia;CO;5182
13043;Capiago Intimiano;Lombardia;CO;5470
13044;Carate Urio;Lombardia;CO;1122
13045;Carbonate;Lombardia;CO;2918
13046;Carimate;Lombardia;CO;4416
13047;Carlazzo;Lombardia;CO;3103
13048;Carugo;Lombardia;CO;6564
13052;Caslino d'Erba;Lombardia;CO;1646
13053;Casnate con Bernate;Lombardia;CO;4990
13055;Cassina Rizzardi;Lombardia;CO;3338
13058;Castelmarte;Lombardia;CO;1249
13059;Castelnuovo Bozzente;Lombardia;CO;911
13062;Cavargna;Lombardia;CO;191
13063;Cerano d'Intelvi;Lombardia;CO;545
13064;Cermenate;Lombardia;CO;9199
13065;Cernobbio;Lombardia;CO;6498
13068;Cirimido;Lombardia;CO;2080
13071;Claino con Osteno;Lombardia;CO;566
13074;Colonno;Lombardia;CO;469
13075;Como;Lombardia;CO;84250
13077;Corrido;Lombardia;CO;828
13083;Cremia;Lombardia;CO;687
13084;Cucciago;Lombardia;CO;3456
13085;Cusino;Lombardia;CO;214
13087;Dizzasco;Lombardia;CO;602
13089;Domaso;Lombardia;CO;1462
13090;Dongo;Lombardia;CO;3253
13092;Dosso del Liro;Lombardia;CO;236
13095;Erba;Lombardia;CO;16208
13097;Eupilio;Lombardia;CO;2583
13098;Faggeto Lario;Lombardia;CO;1169
13099;Faloppio;Lombardia;CO;4795
13100;Fenegrò;Lombardia;CO;3180
13101;Figino Serenza;Lombardia;CO;5030
13102;Fino Mornasco;Lombardia;CO;9803
13106;Garzeno;Lombardia;CO;699
13107;Gera Lario;Lombardia;CO;1049
13110;Grandate;Lombardia;CO;2809
13111;Grandola ed Uniti;Lombardia;CO;1300
13113;Griante;Lombardia;CO;595
13114;Guanzate;Lombardia;CO;5816
13118;Inverigo;Lombardia;CO;9169
13119;Laglio;Lombardia;CO;891
13120;Laino;Lombardia;CO;536
13121;Lambrugo;Lombardia;CO;2529
13123;Lasnigo;Lombardia;CO;462
13126;Lezzeno;Lombardia;CO;1996
13128;Limido Comasco;Lombardia;CO;3860
13129;Lipomo;Lombardia;CO;5950
13130;Livo;Lombardia;CO;164
13131;Locate Varesino;Lombardia;CO;4278
13133;Lomazzo;Lombardia;CO;9998
13134;Longone al Segrino;Lombardia;CO;1929
13135;Luisago;Lombardia;CO;2738
13136;Lurago d'Erba;Lombardia;CO;5386
13137;Lurago Marinone;Lombardia;CO;2570
13138;Lurate Caccivio;Lombardia;CO;9742
13139;Magreglio;Lombardia;CO;649
13143;Mariano Comense;Lombardia;CO;25214
13144;Maslianico;Lombardia;CO;3196
13145;Menaggio;Lombardia;CO;3073
13147;Merone;Lombardia;CO;4064
13152;Moltrasio;Lombardia;CO;1569
13153;Monguzzo;Lombardia;CO;2364
13154;Montano Lucino;Lombardia;CO;5287
13155;Montemezzo;Lombardia;CO;224
13157;Montorfano;Lombardia;CO;2515
13159;Mozzate;Lombardia;CO;8656
13160;Musso;Lombardia;CO;946
13161;Nesso;Lombardia;CO;1172
13163;Novedrate;Lombardia;CO;2860
13165;Olgiate Comasco;Lombardia;CO;11735
13169;Oltrona di San Mamette;Lombardia;CO;2380
13170;Orsenigo;Lombardia;CO;2674
13178;Peglio;Lombardia;CO;189
13183;Pianello del Lario;Lombardia;CO;1036
13184;Pigra;Lombardia;CO;245
13185;Plesio;Lombardia;CO;832
13186;Pognana Lario;Lombardia;CO;683
13187;Ponna;Lombardia;CO;231
13188;Ponte Lambro;Lombardia;CO;4270
13189;Porlezza;Lombardia;CO;4847
13192;Proserpio;Lombardia;CO;908
13193;Pusiano;Lombardia;CO;1366
13195;Rezzago;Lombardia;CO;303
13197;Rodero;Lombardia;CO;1258
13201;Rovellasca;Lombardia;CO;7971
13202;Rovello Porro;Lombardia;CO;6217
13203;Sala Comacina;Lombardia;CO;481
13204;San Bartolomeo Val Cavargna;Lombardia;CO;980
13206;San Fermo della Battaglia;Lombardia;CO;7774
13207;San Nazzaro Val Cavargna;Lombardia;CO;281
13211;Schignano;Lombardia;CO;871
13212;Senna Comasco;Lombardia;CO;3157
13216;Sorico;Lombardia;CO;1235
13217;Sormano;Lombardia;CO;632
13218;Stazzona;Lombardia;CO;613
13222;Tavernerio;Lombardia;CO;5740
13223;Torno;Lombardia;CO;1123
13226;Trezzone;Lombardia;CO;234
13227;Turate;Lombardia;CO;9481
13229;Valbrona;Lombardia;CO;2606
13232;Valmorea;Lombardia;CO;2629
13233;Val Rezzo;Lombardia;CO;164
13234;Valsolda;Lombardia;CO;1453
13236;Veleso;Lombardia;CO;201
13238;Veniano;Lombardia;CO;3070
13239;Vercana;Lombardia;CO;750
13242;Vertemate con Minoprio;Lombardia;CO;4145
13245;Villa Guardia;Lombardia;CO;7933
13246;Zelbio;Lombardia;CO;186
13248;San Siro;Lombardia;CO;1718
13249;Gravedona ed Uniti;Lombardia;CO;4080
13250;Bellagio;Lombardia;CO;3611
13251;Colverde;Lombardia;CO;5403
13252;Tremezzina;Lombardia;CO;5046
13253;Alta Valle Intelvi;Lombardia;CO;2973
13254;Centro Valle Intelvi;Lombardia;CO;3554
13255;Solbiate con Cagno;Lombardia;CO;4642
13256;Uggiate con Ronago;Lombardia;CO;6796
14001;Albaredo per San Marco;Lombardia;SO;288
14002;Albosaggia;Lombardia;SO;3021
14003;Andalo Valtellino;Lombardia;SO;585
14004;Aprica;Lombardia;SO;1496
14005;Ardenno;Lombardia;SO;3213
14006;Bema;Lombardia;SO;119
14007;Berbenno di Valtellina;Lombardia;SO;4045
14008;Bianzone;Lombardia;SO;1273
14009;Bormio;Lombardia;SO;4074
14010;Buglio in Monte;Lombardia;SO;1961
14011;Caiolo;Lombardia;SO;1056
14012;Campodolcino;Lombardia;SO;922
14013;Caspoggio;Lombardia;SO;1345
14014;Castello dell'Acqua;Lombardia;SO;606
14015;Castione Andevenno;Lombardia;SO;1548
14016;Cedrasco;Lombardia;SO;435
14017;Cercino;Lombardia;SO;792
14018;Chiavenna;Lombardia;SO;7144
14019;Chiesa in Valmalenco;Lombardia;SO;2370
14020;Chiuro;Lombardia;SO;2439
14021;Cino;Lombardia;SO;333
14022;Civo;Lombardia;SO;1124
14023;Colorina;Lombardia;SO;1353
14024;Cosio Valtellino;Lombardia;SO;5409
14025;Dazio;Lombardia;SO;471
14026;Delebio;Lombardia;SO;3286
14027;Dubino;Lombardia;SO;3702
14028;Faedo Valtellino;Lombardia;SO;534
14029;Forcola;Lombardia;SO;770
14030;Fusine;Lombardia;SO;552
14031;Gerola Alta;Lombardia;SO;159
14032;Gordona;Lombardia;SO;1938
14033;Grosio;Lombardia;SO;4412
14034;Grosotto;Lombardia;SO;1635
14035;Madesimo;Lombardia;SO;545
14036;Lanzada;Lombardia;SO;1281
14037;Livigno;Lombardia;SO;6887
14038;Lovero;Lombardia;SO;633
14039;Mantello;Lombardia;SO;752
14040;Mazzo di Valtellina;Lombardia;SO;1017
14041;Mello;Lombardia;SO;937
14043;Mese;Lombardia;SO;1799
14044;Montagna in Valtellina;Lombardia;SO;2945
14045;Morbegno;Lombardia;SO;12237
14046;Novate Mezzola;Lombardia;SO;1872
14047;Pedesina;Lombardia;SO;36
14048;Piantedo;Lombardia;SO;1427
14049;Piateda;Lombardia;SO;2083
14050;Piuro;Lombardia;SO;1894
14051;Poggiridenti;Lombardia;SO;1829
14052;Ponte in Valtellina;Lombardia;SO;2258
14053;Postalesio;Lombardia;SO;644
14054;Prata Camportaccio;Lombardia;SO;2886
14055;Rasura;Lombardia;SO;290
14056;Rogolo;Lombardia;SO;541
14057;Samolaco;Lombardia;SO;2834
14058;San Giacomo Filippo;Lombardia;SO;360
14059;Sernio;Lombardia;SO;489
14060;Sondalo;Lombardia;SO;3970
14061;Sondrio;Lombardia;SO;21202
14062;Spriana;Lombardia;SO;80
14063;Talamona;Lombardia;SO;4638
14064;Tartano;Lombardia;SO;196
14065;Teglio;Lombardia;SO;4445
14066;Tirano;Lombardia;SO;8829
14067;Torre di Santa Maria;Lombardia;SO;756
14068;Tovo di Sant'Agata;Lombardia;SO;648
14069;Traona;Lombardia;SO;2828
14070;Tresivio;Lombardia;SO;2007
14071;Valdidentro;Lombardia;SO;4153
14072;Valdisotto;Lombardia;SO;3607
14073;Valfurva;Lombardia;SO;2525
14074;Val Masino;Lombardia;SO;865
14075;Verceia;Lombardia;SO;1061
14076;Vervio;Lombardia;SO;209
14077;Villa di Chiavenna;Lombardia;SO;968
14078;Villa di Tirano;Lombardia;SO;2925
15002;Abbiategrasso;Lombardia;MI;32476
15005;Albairate;Lombardia;MI;4670
15007;Arconate;Lombardia;MI;6686
15009;Arese;Lombardia;MI;19463
15010;Arluno;Lombardia;MI;12196
15011;Assago;Lombardia;MI;9260
15012;Bareggio;Lombardia;MI;17253
15014;Basiano;Lombardia;MI;3665
15015;Basiglio;Lombardia;MI;7933
15016;Bellinzago Lombardo;Lombardia;MI;3797
15019;Bernate Ticino;Lombardia;MI;3018
15022;Besate;Lombardia;MI;2045
15024;Binasco;Lombardia;MI;7199
15026;Boffalora Sopra Ticino;Lombardia;MI;4073
15027;Bollate;Lombardia;MI;36239
15032;Bresso;Lombardia;MI;26172
15035;Bubbiano;Lombardia;MI;2438
15036;Buccinasco;Lombardia;MI;27015
15038;Buscate;Lombardia;MI;4553
15040;Bussero;Lombardia;MI;8380
15041;Busto Garolfo;Lombardia;MI;13991
15042;Calvignasco;Lombardia;MI;1240
15044;Cambiago;Lombardia;MI;7113
15046;Canegrate;Lombardia;MI;12466
15050;Carpiano;Lombardia;MI;4153
15051;Carugate;Lombardia;MI;15581
15055;Casarile;Lombardia;MI;4025
15058;Casorezzo;Lombardia;MI;5513
15059;Cassano d'Adda;Lombardia;MI;19151
15060;Cassina de' Pecchi;Lombardia;MI;13920
15061;Cassinetta di Lugagnano;Lombardia;MI;1853
15062;Castano Primo;Lombardia;MI;10980
15070;Cernusco sul Naviglio;Lombardia;MI;35012
15071;Cerro al Lambro;Lombardia;MI;5093
15072;Cerro Maggiore;Lombardia;MI;15021
15074;Cesano Boscone;Lombardia;MI;23686
15076;Cesate;Lombardia;MI;14276
15077;Cinisello Balsamo;Lombardia;MI;74636
15078;Cisliano;Lombardia;MI;4929
15081;Cologno Monzese;Lombardia;MI;47208
15082;Colturano;Lombardia;MI;2009
15085;Corbetta;Lombardia;MI;18600
15086;Cormano;Lombardia;MI;20317
15087;Cornaredo;Lombardia;MI;20590
15093;Corsico;Lombardia;MI;34601
15096;Cuggiono;Lombardia;MI;8194
15097;Cusago;Lombardia;MI;4315
15098;Cusano Milanino;Lombardia;MI;18787
15099;Dairago;Lombardia;MI;6332
15101;Dresano;Lombardia;MI;3006
15103;Gaggiano;Lombardia;MI;9225
15105;Garbagnate Milanese;Lombardia;MI;26771
15106;Gessate;Lombardia;MI;8842
15108;Gorgonzola;Lombardia;MI;20899
15110;Grezzago;Lombardia;MI;3067
15112;Gudo Visconti;Lombardia;MI;1614
15113;Inveruno;Lombardia;MI;8525
15114;Inzago;Lombardia;MI;11255
15115;Lacchiarella;Lombardia;MI;9060
15116;Lainate;Lombardia;MI;26137
15118;Legnano;Lombardia;MI;59855
15122;Liscate;Lombardia;MI;4042
15125;Locate di Triulzi;Lombardia;MI;10290
15130;Magenta;Lombardia;MI;24107
15131;Magnago;Lombardia;MI;9268
15134;Marcallo con Casone;Lombardia;MI;6134
15136;Masate;Lombardia;MI;3580
15139;Mediglia;Lombardia;MI;12220
15140;Melegnano;Lombardia;MI;18011
15142;Melzo;Lombardia;MI;18566
15144;Mesero;Lombardia;MI;4199
15146;Milano;Lombardia;MI;1374582
15150;Morimondo;Lombardia;MI;1032
15151;Motta Visconti;Lombardia;MI;8053
15154;Nerviano;Lombardia;MI;16973
15155;Nosate;Lombardia;MI;640
15157;Novate Milanese;Lombardia;MI;20056
15158;Noviglio;Lombardia;MI;4514
15159;Opera;Lombardia;MI;14100
15164;Ossona;Lombardia;MI;4276
15165;Ozzero;Lombardia;MI;1418
15166;Paderno Dugnano;Lombardia;MI;47380
15167;Pantigliate;Lombardia;MI;5862
15168;Parabiago;Lombardia;MI;27919
15169;Paullo;Lombardia;MI;11147
15170;Pero;Lombardia;MI;11451
15171;Peschiera Borromeo;Lombardia;MI;23847
15172;Pessano con Bornago;Lombardia;MI;9025
15173;Pieve Emanuele;Lombardia;MI;15699
15175;Pioltello;Lombardia;MI;36147
15176;Pogliano Milanese;Lombardia;MI;8329
15177;Pozzo d'Adda;Lombardia;MI;6345
15178;Pozzuolo Martesana;Lombardia;MI;8547
15179;Pregnana Milanese;Lombardia;MI;7330
15181;Rescaldina;Lombardia;MI;14057
15182;Rho;Lombardia;MI;50742
15183;Robecchetto con Induno;Lombardia;MI;4775
15184;Robecco sul Naviglio;Lombardia;MI;6758
15185;Rodano;Lombardia;MI;4613
15188;Rosate;Lombardia;MI;5799
15189;Rozzano;Lombardia;MI;41844
15191;San Colombano al Lambro;Lombardia;MI;7275
15192;San Donato Milanese;Lombardia;MI;32545
15194;San Giorgio su Legnano;Lombardia;MI;6681
15195;San Giuliano Milanese;Lombardia;MI;39308
15200;Santo Stefano Ticino;Lombardia;MI;4938
15201;San Vittore Olona;Lombardia;MI;8274
15202;San Zenone al Lambro;Lombardia;MI;4422
15204;Sedriano;Lombardia;MI;12403
15205;Segrate;Lombardia;MI;36482
15206;Senago;Lombardia;MI;21307
15209;Sesto San Giovanni;Lombardia;MI;80203
15210;Settala;Lombardia;MI;7330
15211;Settimo Milanese;Lombardia;MI;20133
15213;Solaro;Lombardia;MI;13991
15219;Trezzano Rosa;Lombardia;MI;5297
15220;Trezzano sul Naviglio;Lombardia;MI;21453
15221;Trezzo sull'Adda;Lombardia;MI;11981
15222;Tribiano;Lombardia;MI;3654
15224;Truccazzano;Lombardia;MI;5853
15226;Turbigo;Lombardia;MI;7092
15229;Vanzago;Lombardia;MI;9318
15230;Vaprio d'Adda;Lombardia;MI;9349
15236;Vernate;Lombardia;MI;3304
15237;Vignate;Lombardia;MI;9301
15242;Vimodrone;Lombardia;MI;16816
15243;Vittuone;Lombardia;MI;9244
15244;Vizzolo Predabissi;Lombardia;MI;3898
15247;Zibido San Giacomo;Lombardia;MI;6867
15248;Villa Cortese;Lombardia;MI;6133
15249;Vanzaghello;Lombardia;MI;5243
15250;Baranzate;Lombardia;MI;11866
15251;Vermezzo con Zelo;Lombardia;MI;5796
16001;Adrara San Martino;Lombardia;BG;2176
16002;Adrara San Rocco;Lombardia;BG;791
16003;Albano Sant'Alessandro;Lombardia;BG;8287
16004;Albino;Lombardia;BG;17486
16005;Almè;Lombardia;BG;5487
16006;Almenno San Bartolomeo;Lombardia;BG;6440
16007;Almenno San Salvatore;Lombardia;BG;5586
16008;Alzano Lombardo;Lombardia;BG;13440
16009;Ambivere;Lombardia;BG;2380
16010;Antegnate;Lombardia;BG;3163
16011;Arcene;Lombardia;BG;4803
16012;Ardesio;Lombardia;BG;3367
16013;Arzago d'Adda;Lombardia;BG;2717
16014;Averara;Lombardia;BG;170
16015;Aviatico;Lombardia;BG;551
16016;Azzano San Paolo;Lombardia;BG;7567
16017;Azzone;Lombardia;BG;377
16018;Bagnatica;Lombardia;BG;4355
16019;Barbata;Lombardia;BG;688
16020;Bariano;Lombardia;BG;4228
16021;Barzana;Lombardia;BG;2013
16022;Bedulita;Lombardia;BG;703
16023;Berbenno;Lombardia;BG;2410
16024;Bergamo;Lombardia;BG;119993
16025;Berzo San Fermo;Lombardia;BG;1390
16026;Bianzano;Lombardia;BG;587
16027;Blello;Lombardia;BG;75
16028;Bolgare;Lombardia;BG;6433
16029;Boltiere;Lombardia;BG;6223
16030;Bonate Sopra;Lombardia;BG;10217
16031;Bonate Sotto;Lombardia;BG;6613
16032;Borgo di Terzo;Lombardia;BG;1159
16033;Bossico;Lombardia;BG;990
16034;Bottanuco;Lombardia;BG;5014
16035;Bracca;Lombardia;BG;724
16036;Branzi;Lombardia;BG;677
16037;Brembate;Lombardia;BG;8482
16038;Brembate di Sopra;Lombardia;BG;7862
16040;Brignano Gera d'Adda;Lombardia;BG;6053
16041;Brumano;Lombardia;BG;114
16042;Brusaporto;Lombardia;BG;5580
16043;Calcinate;Lombardia;BG;6071
16044;Calcio;Lombardia;BG;5389
16046;Calusco d'Adda;Lombardia;BG;8210
16047;Calvenzano;Lombardia;BG;4264
16048;Camerata Cornello;Lombardia;BG;573
16049;Canonica d'Adda;Lombardia;BG;4230
16050;Capizzone;Lombardia;BG;1192
16051;Capriate San Gervasio;Lombardia;BG;8160
16052;Caprino Bergamasco;Lombardia;BG;3038
16053;Caravaggio;Lombardia;BG;16170
16055;Carobbio degli Angeli;Lombardia;BG;4730
16056;Carona;Lombardia;BG;289
16057;Carvico;Lombardia;BG;4645
16058;Casazza;Lombardia;BG;3865
16059;Casirate d'Adda;Lombardia;BG;4057
16060;Casnigo;Lombardia;BG;3108
16061;Cassiglio;Lombardia;BG;112
16062;Castelli Calepio;Lombardia;BG;10394
16063;Castel Rozzone;Lombardia;BG;2822
16064;Castione della Presolana;Lombardia;BG;3361
16065;Castro;Lombardia;BG;1258
16066;Cavernago;Lombardia;BG;2653
16067;Cazzano Sant'Andrea;Lombardia;BG;1646
16068;Cenate Sopra;Lombardia;BG;2528
16069;Cenate Sotto;Lombardia;BG;3913
16070;Cene;Lombardia;BG;4105
16071;Cerete;Lombardia;BG;1589
16072;Chignolo d'Isola;Lombardia;BG;3390
16073;Chiuduno;Lombardia;BG;6027
16074;Cisano Bergamasco;Lombardia;BG;6229
16075;Ciserano;Lombardia;BG;5458
16076;Cividate al Piano;Lombardia;BG;5029
16077;Clusone;Lombardia;BG;8537
16078;Colere;Lombardia;BG;1105
16079;Cologno al Serio;Lombardia;BG;11059
16080;Colzate;Lombardia;BG;1618
16081;Comun Nuovo;Lombardia;BG;4393
16082;Corna Imagna;Lombardia;BG;930
16083;Cortenuova;Lombardia;BG;1937
16084;Costa di Mezzate;Lombardia;BG;3348
16085;Costa Valle Imagna;Lombardia;BG;549
16086;Costa Volpino;Lombardia;BG;8953
16087;Covo;Lombardia;BG;4165
16088;Credaro;Lombardia;BG;3524
16089;Curno;Lombardia;BG;7495
16090;Cusio;Lombardia;BG;216
16091;Dalmine;Lombardia;BG;23336
16092;Dossena;Lombardia;BG;883
16093;Endine Gaiano;Lombardia;BG;3367
16094;Entratico;Lombardia;BG;1961
16096;Fara Gera d'Adda;Lombardia;BG;7968
16097;Fara Olivana con Sola;Lombardia;BG;1313
16098;Filago;Lombardia;BG;3133
16099;Fino del Monte;Lombardia;BG;1119
16100;Fiorano al Serio;Lombardia;BG;2947
16101;Fontanella;Lombardia;BG;4712
16102;Fonteno;Lombardia;BG;553
16103;Foppolo;Lombardia;BG;172
16104;Foresto Sparso;Lombardia;BG;3045
16105;Fornovo San Giovanni;Lombardia;BG;3393
16106;Fuipiano Valle Imagna;Lombardia;BG;206
16107;Gandellino;Lombardia;BG;972
16108;Gandino;Lombardia;BG;5237
16109;Gandosso;Lombardia;BG;1445
16110;Gaverina Terme;Lombardia;BG;862
16111;Gazzaniga;Lombardia;BG;4934
16113;Ghisalba;Lombardia;BG;6133
16114;Gorlago;Lombardia;BG;5143
16115;Gorle;Lombardia;BG;6546
16116;Gorno;Lombardia;BG;1491
16117;Grassobbio;Lombardia;BG;6417
16118;Gromo;Lombardia;BG;1153
16119;Grone;Lombardia;BG;865
16120;Grumello del Monte;Lombardia;BG;7396
16121;Isola di Fondra;Lombardia;BG;166
16122;Isso;Lombardia;BG;637
16123;Lallio;Lombardia;BG;4146
16124;Leffe;Lombardia;BG;4300
16125;Lenna;Lombardia;BG;560
16126;Levate;Lombardia;BG;3717
16127;Locatello;Lombardia;BG;837
16128;Lovere;Lombardia;BG;5046
16129;Lurano;Lombardia;BG;2812
16130;Luzzana;Lombardia;BG;882
16131;Madone;Lombardia;BG;3980
16132;Mapello;Lombardia;BG;6841
16133;Martinengo;Lombardia;BG;10798
16134;Mezzoldo;Lombardia;BG;164
16135;Misano di Gera d'Adda;Lombardia;BG;2941
16136;Moio de' Calvi;Lombardia;BG;203
16137;Monasterolo del Castello;Lombardia;BG;1154
16139;Montello;Lombardia;BG;3265
16140;Morengo;Lombardia;BG;2471
16141;Mornico al Serio;Lombardia;BG;2909
16142;Mozzanica;Lombardia;BG;4424
16143;Mozzo;Lombardia;BG;7334
16144;Nembro;Lombardia;BG;11231
16145;Olmo al Brembo;Lombardia;BG;494
16146;Oltre il Colle;Lombardia;BG;974
16147;Oltressenda Alta;Lombardia;BG;147
16148;Oneta;Lombardia;BG;572
16149;Onore;Lombardia;BG;914
16150;Orio al Serio;Lombardia;BG;1752
16151;Ornica;Lombardia;BG;144
16152;Osio Sopra;Lombardia;BG;5255
16153;Osio Sotto;Lombardia;BG;12531
16154;Pagazzano;Lombardia;BG;2095
16155;Paladina;Lombardia;BG;4016
16156;Palazzago;Lombardia;BG;4496
16157;Palosco;Lombardia;BG;5732
16158;Parre;Lombardia;BG;2684
16159;Parzanica;Lombardia;BG;361
16160;Pedrengo;Lombardia;BG;5905
16161;Peia;Lombardia;BG;1727
16162;Pianico;Lombardia;BG;1457
16163;Piario;Lombardia;BG;1042
16164;Piazza Brembana;Lombardia;BG;1207
16165;Piazzatorre;Lombardia;BG;384
16166;Piazzolo;Lombardia;BG;87
16167;Pognano;Lombardia;BG;1590
16168;Ponte Nossa;Lombardia;BG;1728
16169;Ponteranica;Lombardia;BG;6750
16170;Ponte San Pietro;Lombardia;BG;11534
16171;Pontida;Lombardia;BG;3313
16172;Pontirolo Nuovo;Lombardia;BG;4969
16173;Pradalunga;Lombardia;BG;4509
16174;Predore;Lombardia;BG;1823
16175;Premolo;Lombardia;BG;1075
16176;Presezzo;Lombardia;BG;4775
16177;Pumenengo;Lombardia;BG;1682
16178;Ranica;Lombardia;BG;5871
16179;Ranzanico;Lombardia;BG;1212
16180;Riva di Solto;Lombardia;BG;899
16182;Rogno;Lombardia;BG;3849
16183;Romano di Lombardia;Lombardia;BG;20482
16184;Roncobello;Lombardia;BG;413
16185;Roncola;Lombardia;BG;814
16186;Rota d'Imagna;Lombardia;BG;902
16187;Rovetta;Lombardia;BG;4077
16188;San Giovanni Bianco;Lombardia;BG;4632
16189;San Paolo d'Argon;Lombardia;BG;5951
16190;San Pellegrino Terme;Lombardia;BG;4719
16191;Santa Brigida;Lombardia;BG;523
16193;Sarnico;Lombardia;BG;6722
16194;Scanzorosciate;Lombardia;BG;9801
16195;Schilpario;Lombardia;BG;1152
16196;Sedrina;Lombardia;BG;2461
16197;Selvino;Lombardia;BG;1974
16198;Seriate;Lombardia;BG;25111
16199;Serina;Lombardia;BG;2026
16200;Solto Collina;Lombardia;BG;1769
16201;Songavazzo;Lombardia;BG;692
16202;Sorisole;Lombardia;BG;9012
16203;Sotto il Monte Giovanni XXIII;Lombardia;BG;4417
16204;Sovere;Lombardia;BG;5205
16205;Spinone al Lago;Lombardia;BG;976
16206;Spirano;Lombardia;BG;5668
16207;Stezzano;Lombardia;BG;13346
16208;Strozza;Lombardia;BG;1065
16209;Suisio;Lombardia;BG;3743
16210;Taleggio;Lombardia;BG;535
16211;Tavernola Bergamasca;Lombardia;BG;2001
16212;Telgate;Lombardia;BG;4948
16213;Terno d'Isola;Lombardia;BG;8014
16214;Torre Boldone;Lombardia;BG;8631
16215;Torre de' Busi;Lombardia;BG;2170
16216;Torre de' Roveri;Lombardia;BG;2467
16217;Torre Pallavicina;Lombardia;BG;1091
16218;Trescore Balneario;Lombardia;BG;9644
16219;Treviglio;Lombardia;BG;30557
16220;Treviolo;Lombardia;BG;10819
16221;Ubiale Clanezzo;Lombardia;BG;1348
16222;Urgnano;Lombardia;BG;9854
16223;Valbondione;Lombardia;BG;988
16224;Valbrembo;Lombardia;BG;4338
16225;Valgoglio;Lombardia;BG;586
16226;Valleve;Lombardia;BG;134
16227;Valnegra;Lombardia;BG;207
16229;Valtorta;Lombardia;BG;251
16230;Vedeseta;Lombardia;BG;188
16232;Verdellino;Lombardia;BG;7475
16233;Verdello;Lombardia;BG;8182
16234;Vertova;Lombardia;BG;4467
16235;Viadanica;Lombardia;BG;1118
16236;Vigano San Martino;Lombardia;BG;1303
16237;Vigolo;Lombardia;BG;576
16238;Villa d'Adda;Lombardia;BG;4537
16239;Villa d'Almè;Lombardia;BG;6587
16240;Villa di Serio;Lombardia;BG;6672
16241;Villa d'Ogna;Lombardia;BG;1758
16242;Villongo;Lombardia;BG;8103
16243;Vilminore di Scalve;Lombardia;BG;1433
16244;Zandobbio;Lombardia;BG;2663
16245;Zanica;Lombardia;BG;8602
16246;Zogno;Lombardia;BG;8668
16247;Costa Serina;Lombardia;BG;874
16248;Algua;Lombardia;BG;657
16249;Cornalba;Lombardia;BG;290
16250;Medolago;Lombardia;BG;2351
16251;Solza;Lombardia;BG;2011
16252;Sant'Omobono Terme;Lombardia;BG;3835
16253;Val Brembilla;Lombardia;BG;4190
17001;Acquafredda;Lombardia;BS;1513
17002;Adro;Lombardia;BS;7131
17003;Agnosine;Lombardia;BS;1636
17004;Alfianello;Lombardia;BS;2396
17005;Anfo;Lombardia;BS;444
17006;Angolo Terme;Lombardia;BS;2338
17007;Artogne;Lombardia;BS;3593
17008;Azzano Mella;Lombardia;BS;3356
17009;Bagnolo Mella;Lombardia;BS;12554
17010;Bagolino;Lombardia;BS;3746
17011;Barbariga;Lombardia;BS;2300
17012;Barghe;Lombardia;BS;1143
17013;Bassano Bresciano;Lombardia;BS;2326
17014;Bedizzole;Lombardia;BS;12314
17015;Berlingo;Lombardia;BS;2744
17016;Berzo Demo;Lombardia;BS;1551
17017;Berzo Inferiore;Lombardia;BS;2440
17018;Bienno;Lombardia;BS;3760
17019;Bione;Lombardia;BS;1313
17020;Borgo San Giacomo;Lombardia;BS;5334
17021;Borgosatollo;Lombardia;BS;9130
17022;Borno;Lombardia;BS;2519
17023;Botticino;Lombardia;BS;10641
17024;Bovegno;Lombardia;BS;2040
17025;Bovezzo;Lombardia;BS;7402
17026;Brandico;Lombardia;BS;1707
17027;Braone;Lombardia;BS;686
17028;Breno;Lombardia;BS;4694
17029;Brescia;Lombardia;BS;197304
17030;Brione;Lombardia;BS;747
17031;Caino;Lombardia;BS;2114
17032;Calcinato;Lombardia;BS;13004
17033;Calvagese della Riviera;Lombardia;BS;3585
17034;Calvisano;Lombardia;BS;8369
17035;Capo di Ponte;Lombardia;BS;2379
17036;Capovalle;Lombardia;BS;346
17037;Capriano del Colle;Lombardia;BS;4643
17038;Capriolo;Lombardia;BS;9432
17039;Carpenedolo;Lombardia;BS;12968
17040;Castegnato;Lombardia;BS;8364
17041;Castelcovati;Lombardia;BS;6683
17042;Castel Mella;Lombardia;BS;10999
17043;Castenedolo;Lombardia;BS;11530
17044;Casto;Lombardia;BS;1637
17045;Castrezzato;Lombardia;BS;7459
17046;Cazzago San Martino;Lombardia;BS;10839
17047;Cedegolo;Lombardia;BS;1096
17048;Cellatica;Lombardia;BS;4901
17049;Cerveno;Lombardia;BS;652
17050;Ceto;Lombardia;BS;1793
17051;Cevo;Lombardia;BS;831
17052;Chiari;Lombardia;BS;19094
17053;Cigole;Lombardia;BS;1477
17054;Cimbergo;Lombardia;BS;534
17055;Cividate Camuno;Lombardia;BS;2725
17056;Coccaglio;Lombardia;BS;8716
17057;Collebeato;Lombardia;BS;4538
17058;Collio;Lombardia;BS;2056
17059;Cologne;Lombardia;BS;7517
17060;Comezzano-Cizzago;Lombardia;BS;4009
17061;Concesio;Lombardia;BS;15644
17062;Corte Franca;Lombardia;BS;7070
17063;Corteno Golgi;Lombardia;BS;1909
17064;Corzano;Lombardia;BS;1417
17065;Darfo Boario Terme;Lombardia;BS;15544
17066;Dello;Lombardia;BS;5546
17067;Desenzano del Garda;Lombardia;BS;29208
17068;Edolo;Lombardia;BS;4443
17069;Erbusco;Lombardia;BS;8708
17070;Esine;Lombardia;BS;5157
17071;Fiesse;Lombardia;BS;1985
17072;Flero;Lombardia;BS;8871
17073;Gambara;Lombardia;BS;4560
17074;Gardone Riviera;Lombardia;BS;2642
17075;Gardone Val Trompia;Lombardia;BS;11407
17076;Gargnano;Lombardia;BS;2761
17077;Gavardo;Lombardia;BS;12258
17078;Ghedi;Lombardia;BS;18521
17079;Gianico;Lombardia;BS;2134
17080;Gottolengo;Lombardia;BS;4959
17081;Gussago;Lombardia;BS;16488
17082;Idro;Lombardia;BS;1878
17083;Incudine;Lombardia;BS;346
17084;Irma;Lombardia;BS;132
17085;Iseo;Lombardia;BS;8994
17086;Isorella;Lombardia;BS;4075
17087;Lavenone;Lombardia;BS;486
17088;Leno;Lombardia;BS;14187
17089;Limone sul Garda;Lombardia;BS;1164
17090;Lodrino;Lombardia;BS;1631
17091;Lograto;Lombardia;BS;3795
17092;Lonato del Garda;Lombardia;BS;16821
17093;Longhena;Lombardia;BS;562
17094;Losine;Lombardia;BS;607
17095;Lozio;Lombardia;BS;377
17096;Lumezzane;Lombardia;BS;21669
17097;Maclodio;Lombardia;BS;1476
17098;Magasa;Lombardia;BS;106
17099;Mairano;Lombardia;BS;3486
17100;Malegno;Lombardia;BS;1978
17101;Malonno;Lombardia;BS;3068
17102;Manerba del Garda;Lombardia;BS;5412
17103;Manerbio;Lombardia;BS;13216
17104;Marcheno;Lombardia;BS;4172
17105;Marmentino;Lombardia;BS;656
17106;Marone;Lombardia;BS;3117
17107;Mazzano;Lombardia;BS;12470
17108;Milzano;Lombardia;BS;1764
17109;Moniga del Garda;Lombardia;BS;2579
17110;Monno;Lombardia;BS;528
17111;Monte Isola;Lombardia;BS;1644
17112;Monticelli Brusati;Lombardia;BS;4563
17113;Montichiari;Lombardia;BS;26011
17114;Montirone;Lombardia;BS;5077
17115;Mura;Lombardia;BS;776
17116;Muscoline;Lombardia;BS;2653
17117;Nave;Lombardia;BS;10640
17118;Niardo;Lombardia;BS;1987
17119;Nuvolento;Lombardia;BS;3888
17120;Nuvolera;Lombardia;BS;4705
17121;Odolo;Lombardia;BS;1897
17122;Offlaga;Lombardia;BS;4078
17123;Ome;Lombardia;BS;3185
17124;Ono San Pietro;Lombardia;BS;973
17125;Orzinuovi;Lombardia;BS;12349
17126;Orzivecchi;Lombardia;BS;2416
17127;Ospitaletto;Lombardia;BS;14620
17128;Ossimo;Lombardia;BS;1454
17129;Padenghe sul Garda;Lombardia;BS;4696
17130;Paderno Franciacorta;Lombardia;BS;3620
17131;Paisco Loveno;Lombardia;BS;173
17132;Paitone;Lombardia;BS;2148
17133;Palazzolo sull'Oglio;Lombardia;BS;19940
17134;Paratico;Lombardia;BS;4846
17135;Paspardo;Lombardia;BS;587
17136;Passirano;Lombardia;BS;6933
17137;Pavone del Mella;Lombardia;BS;2731
17138;San Paolo;Lombardia;BS;4442
17139;Pertica Alta;Lombardia;BS;556
17140;Pertica Bassa;Lombardia;BS;585
17141;Pezzaze;Lombardia;BS;1450
17142;Pian Camuno;Lombardia;BS;4701
17143;Pisogne;Lombardia;BS;7882
17144;Polaveno;Lombardia;BS;2448
17145;Polpenazze del Garda;Lombardia;BS;2691
17146;Pompiano;Lombardia;BS;3759
17147;Poncarale;Lombardia;BS;5182
17148;Ponte di Legno;Lombardia;BS;1746
17149;Pontevico;Lombardia;BS;7002
17150;Pontoglio;Lombardia;BS;6872
17151;Pozzolengo;Lombardia;BS;3553
17152;Pralboino;Lombardia;BS;2816
17153;Preseglie;Lombardia;BS;1497
17155;Prevalle;Lombardia;BS;6838
17156;Provaglio d'Iseo;Lombardia;BS;7202
17157;Provaglio Val Sabbia;Lombardia;BS;892
17158;Puegnago sul Garda;Lombardia;BS;3483
17159;Quinzano d'Oglio;Lombardia;BS;6185
17160;Remedello;Lombardia;BS;3356
17161;Rezzato;Lombardia;BS;13341
17162;Roccafranca;Lombardia;BS;4792
17163;Rodengo Saiano;Lombardia;BS;9753
17164;Roè Volciano;Lombardia;BS;4341
17165;Roncadelle;Lombardia;BS;9351
17166;Rovato;Lombardia;BS;19189
17167;Rudiano;Lombardia;BS;5854
17168;Sabbio Chiese;Lombardia;BS;3946
17169;Sale Marasino;Lombardia;BS;3299
17170;Salò;Lombardia;BS;10494
17171;San Felice del Benaco;Lombardia;BS;3471
17172;San Gervasio Bresciano;Lombardia;BS;2642
17173;San Zeno Naviglio;Lombardia;BS;4735
17174;Sarezzo;Lombardia;BS;13199
17175;Saviore dell'Adamello;Lombardia;BS;853
17176;Sellero;Lombardia;BS;1407
17177;Seniga;Lombardia;BS;1442
17178;Serle;Lombardia;BS;3039
17179;Sirmione;Lombardia;BS;8349
17180;Soiano del Lago;Lombardia;BS;1920
17181;Sonico;Lombardia;BS;1226
17182;Sulzano;Lombardia;BS;1915
17183;Tavernole sul Mella;Lombardia;BS;1213
17184;Temù;Lombardia;BS;1103
17185;Tignale;Lombardia;BS;1203
17186;Torbole Casaglia;Lombardia;BS;6409
17187;Toscolano-Maderno;Lombardia;BS;7593
17188;Travagliato;Lombardia;BS;13743
17189;Tremosine sul Garda;Lombardia;BS;2066
17190;Trenzano;Lombardia;BS;5427
17191;Treviso Bresciano;Lombardia;BS;520
17192;Urago d'Oglio;Lombardia;BS;3707
17193;Vallio Terme;Lombardia;BS;1407
17194;Valvestino;Lombardia;BS;171
17195;Verolanuova;Lombardia;BS;8048
17196;Verolavecchia;Lombardia;BS;3754
17197;Vestone;Lombardia;BS;4216
17198;Vezza d'Oglio;Lombardia;BS;1465
17199;Villa Carcina;Lombardia;BS;10594
17200;Villachiara;Lombardia;BS;1360
17201;Villanuova sul Clisi;Lombardia;BS;5784
17202;Vione;Lombardia;BS;634
17203;Visano;Lombardia;BS;2000
17204;Vobarno;Lombardia;BS;8199
17205;Zone;Lombardia;BS;1022
17206;Piancogno;Lombardia;BS;4709
18001;Alagna;Lombardia;PV;808
18003;Albonese;Lombardia;PV;510
18004;Albuzzano;Lombardia;PV;3571
18005;Arena Po;Lombardia;PV;1538
18006;Badia Pavese;Lombardia;PV;385
18007;Bagnaria;Lombardia;PV;633
18008;Barbianello;Lombardia;PV;867
18009;Bascapè;Lombardia;PV;1777
18011;Bastida Pancarana;Lombardia;PV;957
18012;Battuda;Lombardia;PV;692
18013;Belgioioso;Lombardia;PV;6165
18014;Bereguardo;Lombardia;PV;2844
18015;Borgarello;Lombardia;PV;2613
18016;Borgo Priolo;Lombardia;PV;1325
18017;Borgoratto Mormorolo;Lombardia;PV;409
18018;Borgo San Siro;Lombardia;PV;926
18019;Bornasco;Lombardia;PV;2647
18020;Bosnasco;Lombardia;PV;614
18021;Brallo di Pregola;Lombardia;PV;524
18022;Breme;Lombardia;PV;708
18023;Bressana Bottarone;Lombardia;PV;3434
18024;Broni;Lombardia;PV;9545
18025;Calvignano;Lombardia;PV;110
18026;Campospinoso Albaredo;Lombardia;PV;1092
18027;Candia Lomellina;Lombardia;PV;1459
18029;Canneto Pavese;Lombardia;PV;1330
18030;Carbonara al Ticino;Lombardia;PV;1422
18031;Casanova Lonati;Lombardia;PV;464
18032;Casatisma;Lombardia;PV;882
18033;Casei Gerola;Lombardia;PV;2372
18034;Casorate Primo;Lombardia;PV;8802
18035;Cassolnovo;Lombardia;PV;6796
18036;Castana;Lombardia;PV;721
18037;Casteggio;Lombardia;PV;6552
18038;Castelletto di Branduzzo;Lombardia;PV;971
18039;Castello d'Agogna;Lombardia;PV;1067
18040;Castelnovetto;Lombardia;PV;542
18041;Cava Manara;Lombardia;PV;6598
18042;Cecima;Lombardia;PV;229
18043;Ceranova;Lombardia;PV;2249
18044;Ceretto Lomellina;Lombardia;PV;178
18045;Cergnago;Lombardia;PV;698
18046;Certosa di Pavia;Lombardia;PV;5407
18047;Cervesina;Lombardia;PV;1129
18048;Chignolo Po;Lombardia;PV;3915
18049;Cigognola;Lombardia;PV;1303
18050;Cilavegna;Lombardia;PV;5333
18051;Codevilla;Lombardia;PV;946
18052;Confienza;Lombardia;PV;1561
18053;Copiano;Lombardia;PV;1734
18054;Corana;Lombardia;PV;762
18057;Corvino San Quirico;Lombardia;PV;977
18058;Costa de' Nobili;Lombardia;PV;381
18059;Cozzo;Lombardia;PV;369
18060;Cura Carpignano;Lombardia;PV;4881
18061;Dorno;Lombardia;PV;4522
18062;Ferrera Erbognone;Lombardia;PV;1079
18063;Filighera;Lombardia;PV;811
18064;Fortunago;Lombardia;PV;356
18065;Frascarolo;Lombardia;PV;1107
18066;Galliavola;Lombardia;PV;176
18067;Gambarana;Lombardia;PV;203
18068;Gambolò;Lombardia;PV;9649
18069;Garlasco;Lombardia;PV;9443
18071;Gerenzago;Lombardia;PV;1388
18072;Giussago;Lombardia;PV;5229
18073;Godiasco Salice Terme;Lombardia;PV;3182
18074;Golferenzo;Lombardia;PV;182
18075;Gravellona Lomellina;Lombardia;PV;2703
18076;Gropello Cairoli;Lombardia;PV;4343
18077;Inverno e Monteleone;Lombardia;PV;1460
18078;Landriano;Lombardia;PV;6420
18079;Langosco;Lombardia;PV;367
18080;Lardirago;Lombardia;PV;1139
18081;Linarolo;Lombardia;PV;2817
18082;Lirio;Lombardia;PV;130
18083;Lomello;Lombardia;PV;2042
18084;Lungavilla;Lombardia;PV;2445
18085;Magherno;Lombardia;PV;1733
18086;Marcignago;Lombardia;PV;2467
18087;Marzano;Lombardia;PV;1663
18088;Mede;Lombardia;PV;6281
18089;Menconico;Lombardia;PV;344
18090;Mezzana Bigli;Lombardia;PV;1026
18091;Mezzana Rabattone;Lombardia;PV;469
18092;Mezzanino;Lombardia;PV;1341
18093;Miradolo Terme;Lombardia;PV;3643
18094;Montalto Pavese;Lombardia;PV;872
18095;Montebello della Battaglia;Lombardia;PV;1512
18096;Montecalvo Versiggia;Lombardia;PV;524
18097;Montescano;Lombardia;PV;419
18098;Montesegale;Lombardia;PV;258
18099;Monticelli Pavese;Lombardia;PV;659
18100;Montù Beccaria;Lombardia;PV;1623
18101;Mornico Losana;Lombardia;PV;600
18102;Mortara;Lombardia;PV;15395
18103;Nicorvo;Lombardia;PV;296
18104;Olevano di Lomellina;Lombardia;PV;727
18105;Oliva Gessi;Lombardia;PV;163
18106;Ottobiano;Lombardia;PV;1068
18107;Palestro;Lombardia;PV;1829
18108;Pancarana;Lombardia;PV;308
18109;Parona;Lombardia;PV;1838
18110;Pavia;Lombardia;PV;71122
18111;Pietra de' Giorgi;Lombardia;PV;778
18112;Pieve Albignola;Lombardia;PV;849
18113;Pieve del Cairo;Lombardia;PV;1745
18114;Pieve Porto Morone;Lombardia;PV;2580
18115;Pinarolo Po;Lombardia;PV;1666
18116;Pizzale;Lombardia;PV;693
18117;Ponte Nizza;Lombardia;PV;760
18118;Portalbera;Lombardia;PV;1441
18119;Rea;Lombardia;PV;402
18120;Redavalle;Lombardia;PV;1032
18121;Retorbido;Lombardia;PV;1546
18122;Rivanazzano Terme;Lombardia;PV;5169
18123;Robbio;Lombardia;PV;5733
18124;Robecco Pavese;Lombardia;PV;531
18125;Rocca de' Giorgi;Lombardia;PV;68
18126;Rocca Susella;Lombardia;PV;208
18127;Rognano;Lombardia;PV;638
18128;Romagnese;Lombardia;PV;618
18129;Roncaro;Lombardia;PV;1533
18130;Rosasco;Lombardia;PV;543
18131;Rovescala;Lombardia;PV;870
18133;San Cipriano Po;Lombardia;PV;477
18134;San Damiano al Colle;Lombardia;PV;633
18135;San Genesio ed Uniti;Lombardia;PV;3968
18136;San Giorgio di Lomellina;Lombardia;PV;1034
18137;San Martino Siccomario;Lombardia;PV;6416
18138;Sannazzaro de' Burgondi;Lombardia;PV;5149
18139;Santa Cristina e Bissone;Lombardia;PV;1881
18140;Santa Giuletta;Lombardia;PV;1548
18141;Sant'Alessio con Vialone;Lombardia;PV;962
18142;Santa Margherita di Staffora;Lombardia;PV;448
18143;Santa Maria della Versa;Lombardia;PV;2296
18144;Sant'Angelo Lomellina;Lombardia;PV;798
18145;San Zenone al Po;Lombardia;PV;553
18146;Sartirana Lomellina;Lombardia;PV;1491
18147;Scaldasole;Lombardia;PV;870
18148;Semiana;Lombardia;PV;206
18149;Silvano Pietra;Lombardia;PV;656
18150;Siziano;Lombardia;PV;6351
18151;Sommo;Lombardia;PV;1152
18152;Spessa;Lombardia;PV;536
18153;Stradella;Lombardia;PV;11448
18154;Suardi;Lombardia;PV;600
18155;Torrazza Coste;Lombardia;PV;1559
18156;Torre Beretti e Castellaro;Lombardia;PV;531
18157;Torre d'Arese;Lombardia;PV;935
18158;Torre de' Negri;Lombardia;PV;315
18159;Torre d'Isola;Lombardia;PV;2396
18160;Torrevecchia Pia;Lombardia;PV;3498
18161;Torricella Verzate;Lombardia;PV;823
18162;Travacò Siccomario;Lombardia;PV;4450
18163;Trivolzio;Lombardia;PV;2316
18164;Tromello;Lombardia;PV;3640
18165;Trovo;Lombardia;PV;1023
18166;Val di Nizza;Lombardia;PV;588
18167;Valeggio;Lombardia;PV;199
18168;Valle Lomellina;Lombardia;PV;2095
18169;Valle Salimbene;Lombardia;PV;1470
18171;Varzi;Lombardia;PV;3024
18172;Velezzo Lomellina;Lombardia;PV;96
18173;Vellezzo Bellini;Lombardia;PV;3315
18174;Verretto;Lombardia;PV;372
18175;Verrua Po;Lombardia;PV;1214
18176;Vidigulfo;Lombardia;PV;6542
18177;Vigevano;Lombardia;PV;62340
18178;Villa Biscossi;Lombardia;PV;63
18179;Villanova d'Ardenghi;Lombardia;PV;772
18180;Villanterio;Lombardia;PV;3271
18181;Vistarino;Lombardia;PV;1523
18182;Voghera;Lombardia;PV;38435
18183;Volpara;Lombardia;PV;125
18184;Zavattarello;Lombardia;PV;965
18185;Zeccone;Lombardia;PV;1674
18186;Zeme;Lombardia;PV;1003
18187;Zenevredo;Lombardia;PV;477
18188;Zerbo;Lombardia;PV;394
18189;Zerbolò;Lombardia;PV;1684
18190;Zinasco;Lombardia;PV;3084
18191;Cornale e Bastida;Lombardia;PV;831
18192;Corteolona e Genzone;Lombardia;PV;2533
18193;Colli Verdi;Lombardia;PV;1035
19001;Acquanegra Cremonese;Lombardia;CR;1133
19002;Agnadello;Lombardia;CR;3855
19003;Annicco;Lombardia;CR;1962
19004;Azzanello;Lombardia;CR;592
19005;Bagnolo Cremasco;Lombardia;CR;4900
19006;Bonemerse;Lombardia;CR;1457
19007;Bordolano;Lombardia;CR;570
19009;Calvatone;Lombardia;CR;1165
19010;Camisano;Lombardia;CR;1213
19011;Campagnola Cremasca;Lombardia;CR;678
19012;Capergnanica;Lombardia;CR;2165
19013;Cappella Cantone;Lombardia;CR;545
19014;Cappella de' Picenardi;Lombardia;CR;413
19015;Capralba;Lombardia;CR;2271
19016;Casalbuttano ed Uniti;Lombardia;CR;3692
19017;Casale Cremasco-Vidolasco;Lombardia;CR;1821
19018;Casaletto Ceredano;Lombardia;CR;1137
19019;Casaletto di Sopra;Lombardia;CR;529
19020;Casaletto Vaprio;Lombardia;CR;1760
19021;Casalmaggiore;Lombardia;CR;15022
19022;Casalmorano;Lombardia;CR;1579
19023;Casteldidone;Lombardia;CR;575
19024;Castel Gabbiano;Lombardia;CR;455
19025;Castelleone;Lombardia;CR;9292
19026;Castelverde;Lombardia;CR;5583
19027;Castelvisconti;Lombardia;CR;299
19028;Cella Dati;Lombardia;CR;486
19029;Chieve;Lombardia;CR;2264
19030;Cicognolo;Lombardia;CR;904
19031;Cingia de' Botti;Lombardia;CR;1147
19032;Corte de' Cortesi con Cignone;Lombardia;CR;1032
19033;Corte de' Frati;Lombardia;CR;1317
19034;Credera Rubbiano;Lombardia;CR;1557
19035;Crema;Lombardia;CR;34210
19036;Cremona;Lombardia;CR;71223
19037;Cremosano;Lombardia;CR;1729
19038;Crotta d'Adda;Lombardia;CR;639
19039;Cumignano sul Naviglio;Lombardia;CR;415
19040;Derovere;Lombardia;CR;300
19041;Dovera;Lombardia;CR;3750
19043;Fiesco;Lombardia;CR;1186
19044;Formigara;Lombardia;CR;1008
19045;Gabbioneta-Binanuova;Lombardia;CR;866
19046;Gadesco-Pieve Delmona;Lombardia;CR;1917
19047;Genivolta;Lombardia;CR;1132
19048;Gerre de' Caprioli;Lombardia;CR;1331
19049;Gombito;Lombardia;CR;630
19050;Grontardo;Lombardia;CR;1500
19051;Grumello Cremonese ed Uniti;Lombardia;CR;1694
19052;Gussola;Lombardia;CR;2630
19053;Isola Dovarese;Lombardia;CR;1099
19054;Izano;Lombardia;CR;1948
19055;Madignano;Lombardia;CR;2773
19056;Malagnino;Lombardia;CR;1716
19057;Martignana di Po;Lombardia;CR;2054
19058;Monte Cremasco;Lombardia;CR;2257
19059;Montodine;Lombardia;CR;2454
19060;Moscazzano;Lombardia;CR;721
19061;Motta Baluffi;Lombardia;CR;824
19062;Offanengo;Lombardia;CR;5965
19063;Olmeneta;Lombardia;CR;917
19064;Ostiano;Lombardia;CR;2764
19065;Paderno Ponchielli;Lombardia;CR;1331
19066;Palazzo Pignano;Lombardia;CR;3774
19067;Pandino;Lombardia;CR;8871
19068;Persico Dosimo;Lombardia;CR;3322
19069;Pescarolo ed Uniti;Lombardia;CR;1514
19070;Pessina Cremonese;Lombardia;CR;587
19072;Pianengo;Lombardia;CR;2510
19073;Pieranica;Lombardia;CR;1111
19074;Pieve d'Olmi;Lombardia;CR;1252
19075;Pieve San Giacomo;Lombardia;CR;1581
19076;Pizzighettone;Lombardia;CR;6301
19077;Pozzaglio ed Uniti;Lombardia;CR;1416
19078;Quintano;Lombardia;CR;890
19079;Ricengo;Lombardia;CR;1746
19080;Ripalta Arpina;Lombardia;CR;993
19081;Ripalta Cremasca;Lombardia;CR;3384
19082;Ripalta Guerina;Lombardia;CR;526
19083;Rivarolo del Re ed Uniti;Lombardia;CR;1842
19084;Rivolta d'Adda;Lombardia;CR;8044
19085;Robecco d'Oglio;Lombardia;CR;2252
19086;Romanengo;Lombardia;CR;3121
19087;Salvirola;Lombardia;CR;1137
19088;San Bassano;Lombardia;CR;2096
19089;San Daniele Po;Lombardia;CR;1280
19090;San Giovanni in Croce;Lombardia;CR;1894
19091;San Martino del Lago;Lombardia;CR;393
19092;Scandolara Ravara;Lombardia;CR;1316
19093;Scandolara Ripa d'Oglio;Lombardia;CR;522
19094;Sergnano;Lombardia;CR;3488
19095;Sesto ed Uniti;Lombardia;CR;3195
19096;Solarolo Rainerio;Lombardia;CR;907
19097;Soncino;Lombardia;CR;7557
19098;Soresina;Lombardia;CR;8711
19099;Sospiro;Lombardia;CR;3007
19100;Spinadesco;Lombardia;CR;1495
19101;Spineda;Lombardia;CR;600
19102;Spino d'Adda;Lombardia;CR;6855
19103;Stagno Lombardo;Lombardia;CR;1436
19104;Ticengo;Lombardia;CR;415
19105;Torlino Vimercati;Lombardia;CR;488
19106;Tornata;Lombardia;CR;442
19107;Torre de' Picenardi;Lombardia;CR;2061
19108;Torricella del Pizzo;Lombardia;CR;584
19109;Trescore Cremasco;Lombardia;CR;2766
19110;Trigolo;Lombardia;CR;1632
19111;Vaiano Cremasco;Lombardia;CR;3590
19112;Vailate;Lombardia;CR;4504
19113;Vescovato;Lombardia;CR;3753
19114;Volongo;Lombardia;CR;463
19115;Voltido;Lombardia;CR;338
19116;Piadena Drizzona;Lombardia;CR;3927
20001;Acquanegra sul Chiese;Lombardia;MN;2775
20002;Asola;Lombardia;MN;10009
20003;Bagnolo San Vito;Lombardia;MN;5817
20007;Bozzolo;Lombardia;MN;4060
20008;Canneto sull'Oglio;Lombardia;MN;4194
20010;Casalmoro;Lombardia;MN;2184
20011;Casaloldo;Lombardia;MN;2677
20012;Casalromano;Lombardia;MN;1472
20013;Castelbelforte;Lombardia;MN;3266
20014;Castel d'Ario;Lombardia;MN;4519
20015;Castel Goffredo;Lombardia;MN;12628
20016;Castellucchio;Lombardia;MN;5176
20017;Castiglione delle Stiviere;Lombardia;MN;23483
20018;Cavriana;Lombardia;MN;3761
20019;Ceresara;Lombardia;MN;2538
20020;Commessaggio;Lombardia;MN;1089
20021;Curtatone;Lombardia;MN;14728
20022;Dosolo;Lombardia;MN;3304
20024;Gazoldo degli Ippoliti;Lombardia;MN;3000
20025;Gazzuolo;Lombardia;MN;2137
20026;Goito;Lombardia;MN;10028
20027;Gonzaga;Lombardia;MN;8758
20028;Guidizzolo;Lombardia;MN;5962
20029;Magnacavallo;Lombardia;MN;1446
20030;Mantova;Lombardia;MN;48755
20031;Marcaria;Lombardia;MN;6374
20032;Mariana Mantovana;Lombardia;MN;785
20033;Marmirolo;Lombardia;MN;7673
20034;Medole;Lombardia;MN;4120
20035;Moglia;Lombardia;MN;5327
20036;Monzambano;Lombardia;MN;4929
20037;Motteggiana;Lombardia;MN;2443
20038;Ostiglia;Lombardia;MN;6621
20039;Pegognaga;Lombardia;MN;6921
20041;Piubega;Lombardia;MN;1704
20042;Poggio Rusco;Lombardia;MN;6462
20043;Pomponesco;Lombardia;MN;1661
20044;Ponti sul Mincio;Lombardia;MN;2336
20045;Porto Mantovano;Lombardia;MN;16481
20046;Quingentole;Lombardia;MN;1057
20047;Quistello;Lombardia;MN;5315
20048;Redondesco;Lombardia;MN;1208
20050;Rivarolo Mantovano;Lombardia;MN;2468
20051;Rodigo;Lombardia;MN;5254
20052;Roncoferraro;Lombardia;MN;6843
20053;Roverbella;Lombardia;MN;8725
20054;Sabbioneta;Lombardia;MN;4145
20055;San Benedetto Po;Lombardia;MN;6774
20056;San Giacomo delle Segnate;Lombardia;MN;1513
20057;San Giorgio Bigarello;Lombardia;MN;11830
20058;San Giovanni del Dosso;Lombardia;MN;1251
20059;San Martino dall'Argine;Lombardia;MN;1638
20060;Schivenoglia;Lombardia;MN;1096
20061;Sermide e Felonica;Lombardia;MN;7195
20062;Serravalle a Po;Lombardia;MN;1468
20063;Solferino;Lombardia;MN;2659
20064;Sustinente;Lombardia;MN;2013
20065;Suzzara;Lombardia;MN;20906
20066;Viadana;Lombardia;MN;19822
20068;Villimpenta;Lombardia;MN;2103
20070;Volta Mantovana;Lombardia;MN;7171
20071;Borgo Virgilio;Lombardia;MN;14676
20072;Borgo Mantovano;Lombardia;MN;5416
20073;Borgocarbonara;Lombardia;MN;1912
21001;Aldino;Trentino-Alto Adige;BZ;1653
21002;Andriano;Trentino-Alto Adige;BZ;1021
21003;Anterivo;Trentino-Alto Adige;BZ;399
21004;Appiano sulla Strada del Vino;Trentino-Alto Adige;BZ;14890
21005;Avelengo;Trentino-Alto Adige;BZ;794
21006;Badia;Trentino-Alto Adige;BZ;3664
21007;Barbiano;Trentino-Alto Adige;BZ;1765
21008;Bolzano;Trentino-Alto Adige;BZ;107467
21009;Braies;Trentino-Alto Adige;BZ;666
21010;Brennero;Trentino-Alto Adige;BZ;2291
21011;Bressanone;Trentino-Alto Adige;BZ;22698
21012;Bronzolo;Trentino-Alto Adige;BZ;2765
21013;Brunico;Trentino-Alto Adige;BZ;16944
21014;Caines;Trentino-Alto Adige;BZ;389
21015;Caldaro sulla Strada del Vino;Trentino-Alto Adige;BZ;8113
21016;Campo di Trens;Trentino-Alto Adige;BZ;2718
21017;Campo Tures;Trentino-Alto Adige;BZ;5612
21018;Castelbello-Ciardes;Trentino-Alto Adige;BZ;2375
21019;Castelrotto;Trentino-Alto Adige;BZ;7057
21020;Cermes;Trentino-Alto Adige;BZ;1589
21021;Chienes;Trentino-Alto Adige;BZ;2957
21022;Chiusa;Trentino-Alto Adige;BZ;5178
21023;Cornedo all'Isarco;Trentino-Alto Adige;BZ;3433
21024;Cortaccia sulla Strada del Vino;Trentino-Alto Adige;BZ;2220
21025;Cortina sulla Strada del Vino;Trentino-Alto Adige;BZ;654
21026;Corvara in Badia;Trentino-Alto Adige;BZ;1487
21027;Curon Venosta;Trentino-Alto Adige;BZ;2322
21028;Dobbiaco;Trentino-Alto Adige;BZ;3393
21029;Egna;Trentino-Alto Adige;BZ;5459
21030;Falzes;Trentino-Alto Adige;BZ;2912
21031;Fiè allo Sciliar;Trentino-Alto Adige;BZ;3650
21032;Fortezza;Trentino-Alto Adige;BZ;1026
21033;Funes;Trentino-Alto Adige;BZ;2560
21034;Gais;Trentino-Alto Adige;BZ;3238
21035;Gargazzone;Trentino-Alto Adige;BZ;1821
21036;Glorenza;Trentino-Alto Adige;BZ;913
21037;Laces;Trentino-Alto Adige;BZ;5286
21038;Lagundo;Trentino-Alto Adige;BZ;5081
21039;Laion;Trentino-Alto Adige;BZ;2717
21040;Laives;Trentino-Alto Adige;BZ;18178
21041;Lana;Trentino-Alto Adige;BZ;12567
21042;Lasa;Trentino-Alto Adige;BZ;4107
21043;Lauregno;Trentino-Alto Adige;BZ;337
21044;Luson;Trentino-Alto Adige;BZ;1553
21045;Magrè sulla Strada del Vino;Trentino-Alto Adige;BZ;1296
21046;Malles Venosta;Trentino-Alto Adige;BZ;5170
21047;Marebbe;Trentino-Alto Adige;BZ;3192
21048;Marlengo;Trentino-Alto Adige;BZ;2847
21049;Martello;Trentino-Alto Adige;BZ;832
21050;Meltina;Trentino-Alto Adige;BZ;1686
21051;Merano;Trentino-Alto Adige;BZ;40900
21052;Monguelfo-Tesido;Trentino-Alto Adige;BZ;2906
21053;Montagna;Trentino-Alto Adige;BZ;1720
21054;Moso in Passiria;Trentino-Alto Adige;BZ;2050
21055;Nalles;Trentino-Alto Adige;BZ;2050
21056;Naturno;Trentino-Alto Adige;BZ;6009
21057;Naz-Sciaves;Trentino-Alto Adige;BZ;3329
21058;Nova Levante;Trentino-Alto Adige;BZ;2022
21059;Nova Ponente;Trentino-Alto Adige;BZ;4029
21060;Ora;Trentino-Alto Adige;BZ;3948
21061;Ortisei;Trentino-Alto Adige;BZ;4891
21062;Parcines;Trentino-Alto Adige;BZ;3862
21063;Perca;Trentino-Alto Adige;BZ;1643
21064;Plaus;Trentino-Alto Adige;BZ;743
21065;Ponte Gardena;Trentino-Alto Adige;BZ;201
21066;Postal;Trentino-Alto Adige;BZ;1951
21067;Prato allo Stelvio;Trentino-Alto Adige;BZ;3667
21068;Predoi;Trentino-Alto Adige;BZ;538
21069;Proves;Trentino-Alto Adige;BZ;252
21070;Racines;Trentino-Alto Adige;BZ;4576
21071;Rasun-Anterselva;Trentino-Alto Adige;BZ;2948
21072;Renon;Trentino-Alto Adige;BZ;7986
21073;Rifiano;Trentino-Alto Adige;BZ;1380
21074;Rio di Pusteria;Trentino-Alto Adige;BZ;3212
21075;Rodengo;Trentino-Alto Adige;BZ;1269
21076;Salorno sulla strada del vino;Trentino-Alto Adige;BZ;3802
21077;San Candido;Trentino-Alto Adige;BZ;3438
21079;San Genesio Atesino;Trentino-Alto Adige;BZ;3079
21080;San Leonardo in Passiria;Trentino-Alto Adige;BZ;3577
21081;San Lorenzo di Sebato;Trentino-Alto Adige;BZ;3864
21082;San Martino in Badia;Trentino-Alto Adige;BZ;1769
21083;San Martino in Passiria;Trentino-Alto Adige;BZ;3223
21084;San Pancrazio;Trentino-Alto Adige;BZ;1524
21085;Santa Cristina Valgardena;Trentino-Alto Adige;BZ;2036
21086;Sarentino;Trentino-Alto Adige;BZ;7128
21087;Scena;Trentino-Alto Adige;BZ;3053
21088;Selva dei Molini;Trentino-Alto Adige;BZ;1402
21089;Selva di Val Gardena;Trentino-Alto Adige;BZ;2736
21091;Senales;Trentino-Alto Adige;BZ;1272
21092;Sesto;Trentino-Alto Adige;BZ;1900
21093;Silandro;Trentino-Alto Adige;BZ;6264
21094;Sluderno;Trentino-Alto Adige;BZ;1811
21095;Stelvio;Trentino-Alto Adige;BZ;1201
21096;Terento;Trentino-Alto Adige;BZ;1771
21097;Terlano;Trentino-Alto Adige;BZ;4699
21098;Termeno sulla Strada del Vino;Trentino-Alto Adige;BZ;3473
21099;Tesimo;Trentino-Alto Adige;BZ;1982
21100;Tires;Trentino-Alto Adige;BZ;1008
21101;Tirolo;Trentino-Alto Adige;BZ;2530
21102;Trodena nel parco naturale;Trentino-Alto Adige;BZ;1043
21103;Tubre;Trentino-Alto Adige;BZ;968
21104;Ultimo;Trentino-Alto Adige;BZ;2886
21105;Vadena;Trentino-Alto Adige;BZ;1120
21106;Valdaora;Trentino-Alto Adige;BZ;3192
21107;Val di Vizze;Trentino-Alto Adige;BZ;3069
21108;Valle Aurina;Trentino-Alto Adige;BZ;5971
21109;Valle di Casies;Trentino-Alto Adige;BZ;2323
21110;Vandoies;Trentino-Alto Adige;BZ;3309
21111;Varna;Trentino-Alto Adige;BZ;4870
21112;Verano;Trentino-Alto Adige;BZ;982
21113;Villabassa;Trentino-Alto Adige;BZ;1587
21114;Villandro;Trentino-Alto Adige;BZ;1887
21115;Vipiteno;Trentino-Alto Adige;BZ;6959
21116;Velturno;Trentino-Alto Adige;BZ;3025
21117;La Valle;Trentino-Alto Adige;BZ;1380
21118;Senale-San Felice;Trentino-Alto Adige;BZ;775
22001;Ala;Trentino-Alto Adige;TN;8792
22002;Albiano;Trentino-Alto Adige;TN;1500
22003;Aldeno;Trentino-Alto Adige;TN;3187
22005;Andalo;Trentino-Alto Adige;TN;1268
22006;Arco;Trentino-Alto Adige;TN;17798
22007;Avio;Trentino-Alto Adige;TN;4072
22009;Baselga di Pinè;Trentino-Alto Adige;TN;5074
22011;Bedollo;Trentino-Alto Adige;TN;1470
22013;Besenello;Trentino-Alto Adige;TN;2746
22015;Bieno;Trentino-Alto Adige;TN;446
22017;Bleggio Superiore;Trentino-Alto Adige;TN;1516
22018;Bocenago;Trentino-Alto Adige;TN;396
22021;Bondone;Trentino-Alto Adige;TN;639
22022;Borgo Valsugana;Trentino-Alto Adige;TN;6984
22025;Brentonico;Trentino-Alto Adige;TN;4021
22026;Bresimo;Trentino-Alto Adige;TN;250
22029;Caderzone Terme;Trentino-Alto Adige;TN;681
22032;Calceranica al Lago;Trentino-Alto Adige;TN;1376
22033;Caldes;Trentino-Alto Adige;TN;1094
22034;Caldonazzo;Trentino-Alto Adige;TN;3855
22035;Calliano;Trentino-Alto Adige;TN;1996
22036;Campitello di Fassa;Trentino-Alto Adige;TN;709
22037;Campodenno;Trentino-Alto Adige;TN;1520
22038;Canal San Bovo;Trentino-Alto Adige;TN;1457
22039;Canazei;Trentino-Alto Adige;TN;2015
22040;Capriana;Trentino-Alto Adige;TN;579
22042;Carisolo;Trentino-Alto Adige;TN;950
22043;Carzano;Trentino-Alto Adige;TN;520
22045;Castel Condino;Trentino-Alto Adige;TN;219
22047;Castello-Molina di Fiemme;Trentino-Alto Adige;TN;2320
22048;Castello Tesino;Trentino-Alto Adige;TN;1167
22049;Castelnuovo;Trentino-Alto Adige;TN;1066
22050;Cavalese;Trentino-Alto Adige;TN;4041
22051;Cavareno;Trentino-Alto Adige;TN;1117
22052;Cavedago;Trentino-Alto Adige;TN;545
22053;Cavedine;Trentino-Alto Adige;TN;3003
22054;Cavizzana;Trentino-Alto Adige;TN;233
22058;Cimone;Trentino-Alto Adige;TN;708
22059;Cinte Tesino;Trentino-Alto Adige;TN;348
22060;Cis;Trentino-Alto Adige;TN;298
22061;Civezzano;Trentino-Alto Adige;TN;4080
22062;Cles;Trentino-Alto Adige;TN;7155
22064;Commezzadura;Trentino-Alto Adige;TN;1019
22068;Croviana;Trentino-Alto Adige;TN;688
22071;Dambel;Trentino-Alto Adige;TN;421
22074;Denno;Trentino-Alto Adige;TN;1211
22078;Drena;Trentino-Alto Adige;TN;574
22079;Dro;Trentino-Alto Adige;TN;5057
22081;Fai della Paganella;Trentino-Alto Adige;TN;914
22083;Fiavè;Trentino-Alto Adige;TN;1055
22085;Fierozzo;Trentino-Alto Adige;TN;481
22087;Folgaria;Trentino-Alto Adige;TN;3150
22089;Fornace;Trentino-Alto Adige;TN;1319
22090;Frassilongo;Trentino-Alto Adige;TN;342
22091;Garniga Terme;Trentino-Alto Adige;TN;393
22092;Giovo;Trentino-Alto Adige;TN;2520
22093;Giustino;Trentino-Alto Adige;TN;749
22095;Grigno;Trentino-Alto Adige;TN;2086
22097;Imer;Trentino-Alto Adige;TN;1177
22098;Isera;Trentino-Alto Adige;TN;2754
22102;Lavarone;Trentino-Alto Adige;TN;1186
22103;Lavis;Trentino-Alto Adige;TN;9119
22104;Levico Terme;Trentino-Alto Adige;TN;8003
22106;Livo;Trentino-Alto Adige;TN;790
22108;Lona-Lases;Trentino-Alto Adige;TN;870
22109;Luserna;Trentino-Alto Adige;TN;268
22110;Malè;Trentino-Alto Adige;TN;2219
22112;Massimeno;Trentino-Alto Adige;TN;144
22113;Mazzin;Trentino-Alto Adige;TN;598
22114;Mezzana;Trentino-Alto Adige;TN;874
22115;Mezzano;Trentino-Alto Adige;TN;1594
22116;Mezzocorona;Trentino-Alto Adige;TN;5528
22117;Mezzolombardo;Trentino-Alto Adige;TN;7361
22118;Moena;Trentino-Alto Adige;TN;2682
22120;Molveno;Trentino-Alto Adige;TN;1134
22123;Mori;Trentino-Alto Adige;TN;9974
22124;Nago-Torbole;Trentino-Alto Adige;TN;2847
22127;Nogaredo;Trentino-Alto Adige;TN;2075
22128;Nomi;Trentino-Alto Adige;TN;1312
22129;Novaledo;Trentino-Alto Adige;TN;1095
22130;Ospedaletto;Trentino-Alto Adige;TN;790
22131;Ossana;Trentino-Alto Adige;TN;834
22133;Palù del Fersina;Trentino-Alto Adige;TN;165
22134;Panchià;Trentino-Alto Adige;TN;824
22135;Ronzo-Chienis;Trentino-Alto Adige;TN;987
22136;Peio;Trentino-Alto Adige;TN;1834
22137;Pellizzano;Trentino-Alto Adige;TN;782
22138;Pelugo;Trentino-Alto Adige;TN;390
22139;Pergine Valsugana;Trentino-Alto Adige;TN;21486
22142;Pieve Tesino;Trentino-Alto Adige;TN;637
22143;Pinzolo;Trentino-Alto Adige;TN;3150
22144;Pomarolo;Trentino-Alto Adige;TN;2418
22147;Predazzo;Trentino-Alto Adige;TN;4522
22150;Rabbi;Trentino-Alto Adige;TN;1335
22153;Riva del Garda;Trentino-Alto Adige;TN;17646
22155;Romeno;Trentino-Alto Adige;TN;1384
22156;Roncegno Terme;Trentino-Alto Adige;TN;2897
22157;Ronchi Valsugana;Trentino-Alto Adige;TN;460
22159;Ronzone;Trentino-Alto Adige;TN;439
22160;Roverè della Luna;Trentino-Alto Adige;TN;1632
22161;Rovereto;Trentino-Alto Adige;TN;39954
22162;Ruffrè-Mendola;Trentino-Alto Adige;TN;407
22163;Rumo;Trentino-Alto Adige;TN;813
22164;Sagron Mis;Trentino-Alto Adige;TN;179
22165;Samone;Trentino-Alto Adige;TN;554
22167;San Michele all'Adige;Trentino-Alto Adige;TN;3956
22168;Sant'Orsola Terme;Trentino-Alto Adige;TN;1120
22169;Sanzeno;Trentino-Alto Adige;TN;916
22170;Sarnonico;Trentino-Alto Adige;TN;794
22171;Scurelle;Trentino-Alto Adige;TN;1373
22172;Segonzano;Trentino-Alto Adige;TN;1403
22173;Sfruz;Trentino-Alto Adige;TN;364
22176;Soraga di Fassa;Trentino-Alto Adige;TN;691
22177;Sover;Trentino-Alto Adige;TN;785
22179;Spiazzo;Trentino-Alto Adige;TN;1244
22180;Spormaggiore;Trentino-Alto Adige;TN;1258
22181;Sporminore;Trentino-Alto Adige;TN;705
22182;Stenico;Trentino-Alto Adige;TN;1178
22183;Storo;Trentino-Alto Adige;TN;4534
22184;Strembo;Trentino-Alto Adige;TN;609
22188;Telve;Trentino-Alto Adige;TN;1898
22189;Telve di Sopra;Trentino-Alto Adige;TN;590
22190;Tenna;Trentino-Alto Adige;TN;1051
22191;Tenno;Trentino-Alto Adige;TN;1992
22193;Terragnolo;Trentino-Alto Adige;TN;696
22195;Terzolas;Trentino-Alto Adige;TN;654
22196;Tesero;Trentino-Alto Adige;TN;2935
22199;Tione di Trento;Trentino-Alto Adige;TN;3665
22200;Ton;Trentino-Alto Adige;TN;1321
22202;Torcegno;Trentino-Alto Adige;TN;673
22203;Trambileno;Trentino-Alto Adige;TN;1468
22205;Trento;Trentino-Alto Adige;TN;118879
22209;Valfloriana;Trentino-Alto Adige;TN;458
22210;Vallarsa;Trentino-Alto Adige;TN;1364
22213;Vermiglio;Trentino-Alto Adige;TN;1846
22216;Vignola-Falesina;Trentino-Alto Adige;TN;180
22222;Villa Lagarina;Trentino-Alto Adige;TN;3825
22224;Volano;Trentino-Alto Adige;TN;3020
22226;Ziano di Fiemme;Trentino-Alto Adige;TN;1755
22228;Comano Terme;Trentino-Alto Adige;TN;2895
22229;Ledro;Trentino-Alto Adige;TN;5248
22230;Predaia;Trentino-Alto Adige;TN;6778
22231;San Lorenzo Dorsino;Trentino-Alto Adige;TN;1554
22232;Valdaone;Trentino-Alto Adige;TN;1141
22233;Dimaro Folgarida;Trentino-Alto Adige;TN;2099
22234;Pieve di Bono-Prezzo;Trentino-Alto Adige;TN;1430
22235;Altavalle;Trentino-Alto Adige;TN;1612
22236;Altopiano della Vigolana;Trentino-Alto Adige;TN;5074
22237;Amblar-Don;Trentino-Alto Adige;TN;546
22238;Borgo Chiese;Trentino-Alto Adige;TN;1963
22239;Borgo Lares;Trentino-Alto Adige;TN;707
22240;Castel Ivano;Trentino-Alto Adige;TN;3277
22241;Cembra Lisignago;Trentino-Alto Adige;TN;2308
22242;Contà;Trentino-Alto Adige;TN;1397
22243;Madruzzo;Trentino-Alto Adige;TN;2933
22244;Porte di Rendena;Trentino-Alto Adige;TN;1752
22245;Primiero San Martino di Castrozza;Trentino-Alto Adige;TN;5278
22246;Sella Giudicarie;Trentino-Alto Adige;TN;2894
22247;Tre Ville;Trentino-Alto Adige;TN;1404
22248;Vallelaghi;Trentino-Alto Adige;TN;5159
22249;Ville d'Anaunia;Trentino-Alto Adige;TN;4736
22250;Sèn Jan di Fassa;Trentino-Alto Adige;TN;3698
22251;Terre d'Adige;Trentino-Alto Adige;TN;3053
22252;Borgo d'Anaunia;Trentino-Alto Adige;TN;2487
22253;Novella;Trentino-Alto Adige;TN;3599
22254;Ville di Fiemme;Trentino-Alto Adige;TN;2631
23001;Affi;Veneto;VR;2369
23002;Albaredo d'Adige;Veneto;VR;5371
23003;Angiari;Veneto;VR;2397
23004;Arcole;Veneto;VR;6325
23005;Badia Calavena;Veneto;VR;2589
23006;Bardolino;Veneto;VR;7170
23007;Belfiore;Veneto;VR;3329
23008;Bevilacqua;Veneto;VR;1763
23009;Bonavigo;Veneto;VR;1987
23010;Boschi Sant'Anna;Veneto;VR;1357
23011;Bosco Chiesanuova;Veneto;VR;3533
23012;Bovolone;Veneto;VR;16050
23013;Brentino Belluno;Veneto;VR;1334
23014;Brenzone sul Garda;Veneto;VR;2486
23015;Bussolengo;Veneto;VR;20583
23016;Buttapietra;Veneto;VR;7103
23017;Caldiero;Veneto;VR;7892
23018;Caprino Veronese;Veneto;VR;8502
23019;Casaleone;Veneto;VR;5562
23020;Castagnaro;Veneto;VR;3635
23021;Castel d'Azzano;Veneto;VR;11970
23022;Castelnuovo del Garda;Veneto;VR;13300
23023;Cavaion Veronese;Veneto;VR;6036
23024;Cazzano di Tramigna;Veneto;VR;1520
23025;Cerea;Veneto;VR;16644
23026;Cerro Veronese;Veneto;VR;2565
23027;Cologna Veneta;Veneto;VR;8452
23028;Colognola ai Colli;Veneto;VR;8798
23029;Concamarise;Veneto;VR;1102
23030;Costermano sul Garda;Veneto;VR;3873
23031;Dolcè;Veneto;VR;2548
23032;Erbè;Veneto;VR;1927
23033;Erbezzo;Veneto;VR;784
23034;Ferrara di Monte Baldo;Veneto;VR;250
23035;Fumane;Veneto;VR;4102
23036;Garda;Veneto;VR;4143
23037;Gazzo Veronese;Veneto;VR;5226
23038;Grezzana;Veneto;VR;10716
23039;Illasi;Veneto;VR;5213
23040;Isola della Scala;Veneto;VR;11762
23041;Isola Rizza;Veneto;VR;3244
23042;Lavagno;Veneto;VR;8609
23043;Lazise;Veneto;VR;6901
23044;Legnago;Veneto;VR;25443
23045;Malcesine;Veneto;VR;3640
23046;Marano di Valpolicella;Veneto;VR;3122
23047;Mezzane di Sotto;Veneto;VR;2549
23048;Minerbe;Veneto;VR;4570
23049;Montecchia di Crosara;Veneto;VR;4278
23050;Monteforte d'Alpone;Veneto;VR;9019
23051;Mozzecane;Veneto;VR;8027
23052;Negrar di Valpolicella;Veneto;VR;16751
23053;Nogara;Veneto;VR;8374
23054;Nogarole Rocca;Veneto;VR;3851
23055;Oppeano;Veneto;VR;10305
23056;Palù;Veneto;VR;1231
23057;Pastrengo;Veneto;VR;3111
23058;Pescantina;Veneto;VR;17367
23059;Peschiera del Garda;Veneto;VR;10881
23060;Povegliano Veronese;Veneto;VR;7358
23061;Pressana;Veneto;VR;2511
23062;Rivoli Veronese;Veneto;VR;2182
23063;Roncà;Veneto;VR;3740
23064;Ronco all'Adige;Veneto;VR;5962
23065;Roverchiara;Veneto;VR;2659
23066;Roveredo di Guà;Veneto;VR;1597
23067;Roverè Veronese;Veneto;VR;2070
23068;Salizzole;Veneto;VR;3779
23069;San Bonifacio;Veneto;VR;21402
23070;San Giovanni Ilarione;Veneto;VR;4911
23071;San Giovanni Lupatoto;Veneto;VR;25418
23072;Sanguinetto;Veneto;VR;4086
23073;San Martino Buon Albergo;Veneto;VR;15970
23074;San Mauro di Saline;Veneto;VR;575
23075;San Pietro di Morubio;Veneto;VR;3030
23076;San Pietro in Cariano;Veneto;VR;12916
23077;Sant'Ambrogio di Valpolicella;Veneto;VR;11948
23078;Sant'Anna d'Alfaedo;Veneto;VR;2530
23079;San Zeno di Montagna;Veneto;VR;1431
23080;Selva di Progno;Veneto;VR;892
23081;Soave;Veneto;VR;7143
23082;Sommacampagna;Veneto;VR;14788
23083;Sona;Veneto;VR;17629
23084;Sorgà;Veneto;VR;2957
23085;Terrazzo;Veneto;VR;2146
23086;Torri del Benaco;Veneto;VR;3062
23087;Tregnago;Veneto;VR;4902
23088;Trevenzuolo;Veneto;VR;2756
23089;Valeggio sul Mincio;Veneto;VR;15759
23090;Velo Veronese;Veneto;VR;759
23091;Verona;Veneto;VR;258031
23092;Veronella;Veneto;VR;5150
23093;Vestenanova;Veneto;VR;2536
23094;Vigasio;Veneto;VR;10249
23095;Villa Bartolomea;Veneto;VR;5759
23096;Villafranca di Verona;Veneto;VR;33265
23097;Zevio;Veneto;VR;15542
23098;Zimella;Veneto;VR;4869
24001;Agugliaro;Veneto;VI;1403
24002;Albettone;Veneto;VI;1977
24003;Alonte;Veneto;VI;1586
24004;Altavilla Vicentina;Veneto;VI;11844
24005;Altissimo;Veneto;VI;2148
24006;Arcugnano;Veneto;VI;7807
24007;Arsiero;Veneto;VI;3036
24008;Arzignano;Veneto;VI;25124
24009;Asiago;Veneto;VI;6349
24010;Asigliano Veneto;Veneto;VI;868
24012;Bassano del Grappa;Veneto;VI;42527
24013;Bolzano Vicentino;Veneto;VI;6514
24014;Breganze;Veneto;VI;8439
24015;Brendola;Veneto;VI;6607
24016;Bressanvido;Veneto;VI;3204
24017;Brogliano;Veneto;VI;3987
24018;Caldogno;Veneto;VI;11328
24019;Caltrano;Veneto;VI;2508
24020;Calvene;Veneto;VI;1285
24021;Camisano Vicentino;Veneto;VI;11174
24022;Campiglia dei Berici;Veneto;VI;1666
24024;Carrè;Veneto;VI;3532
24025;Cartigliano;Veneto;VI;3723
24026;Cassola;Veneto;VI;15043
24027;Castegnero;Veneto;VI;2848
24028;Castelgomberto;Veneto;VI;6122
24029;Chiampo;Veneto;VI;12574
24030;Chiuppano;Veneto;VI;2493
24032;Cogollo del Cengio;Veneto;VI;3157
24034;Cornedo Vicentino;Veneto;VI;11728
24035;Costabissara;Veneto;VI;7705
24036;Creazzo;Veneto;VI;11314
24037;Crespadoro;Veneto;VI;1280
24038;Dueville;Veneto;VI;13835
24039;Enego;Veneto;VI;1554
24040;Fara Vicentino;Veneto;VI;3720
24041;Foza;Veneto;VI;662
24042;Gallio;Veneto;VI;2342
24043;Gambellara;Veneto;VI;3402
24046;Grisignano di Zocco;Veneto;VI;4266
24047;Grumolo delle Abbadesse;Veneto;VI;3768
24048;Isola Vicentina;Veneto;VI;10288
24049;Laghi;Veneto;VI;125
24050;Lastebasse;Veneto;VI;184
24051;Longare;Veneto;VI;5618
24052;Lonigo;Veneto;VI;15928
24053;Lugo di Vicenza;Veneto;VI;3593
24055;Malo;Veneto;VI;14771
24056;Marano Vicentino;Veneto;VI;9380
24057;Marostica;Veneto;VI;14022
24060;Montebello Vicentino;Veneto;VI;6450
24061;Montecchio Maggiore;Veneto;VI;23156
24062;Montecchio Precalcino;Veneto;VI;4903
24063;Monte di Malo;Veneto;VI;2787
24064;Montegalda;Veneto;VI;3387
24065;Montegaldella;Veneto;VI;1814
24066;Monteviale;Veneto;VI;2853
24067;Monticello Conte Otto;Veneto;VI;9067
24068;Montorso Vicentino;Veneto;VI;3077
24070;Mussolente;Veneto;VI;7603
24071;Nanto;Veneto;VI;3088
24072;Nogarole Vicentino;Veneto;VI;1235
24073;Nove;Veneto;VI;4871
24074;Noventa Vicentina;Veneto;VI;8914
24075;Orgiano;Veneto;VI;3036
24076;Pedemonte;Veneto;VI;708
24077;Pianezze;Veneto;VI;2165
24078;Piovene Rocchette;Veneto;VI;8137
24079;Pojana Maggiore;Veneto;VI;4281
24080;Posina;Veneto;VI;564
24081;Pove del Grappa;Veneto;VI;3119
24082;Pozzoleone;Veneto;VI;2807
24083;Quinto Vicentino;Veneto;VI;5902
24084;Recoaro Terme;Veneto;VI;6140
24085;Roana;Veneto;VI;4181
24086;Romano d'Ezzelino;Veneto;VI;14172
24087;Rosà;Veneto;VI;14599
24088;Rossano Veneto;Veneto;VI;8138
24089;Rotzo;Veneto;VI;646
24090;Salcedo;Veneto;VI;1016
24091;Sandrigo;Veneto;VI;8194
24094;San Pietro Mussolino;Veneto;VI;1593
24095;Santorso;Veneto;VI;5559
24096;San Vito di Leguzzano;Veneto;VI;3599
24097;Sarcedo;Veneto;VI;5313
24098;Sarego;Veneto;VI;6670
24099;Schiavon;Veneto;VI;2645
24100;Schio;Veneto;VI;38635
24101;Solagna;Veneto;VI;1807
24102;Sossano;Veneto;VI;4194
24104;Tezze sul Brenta;Veneto;VI;12820
24105;Thiene;Veneto;VI;23964
24106;Tonezza del Cimone;Veneto;VI;505
24107;Torrebelvicino;Veneto;VI;5816
24108;Torri di Quartesolo;Veneto;VI;11766
24110;Trissino;Veneto;VI;8675
24111;Valdagno;Veneto;VI;25706
24112;Valdastico;Veneto;VI;1218
24113;Valli del Pasubio;Veneto;VI;3051
24115;Velo d'Astico;Veneto;VI;2242
24116;Vicenza;Veneto;VI;111113
24117;Villaga;Veneto;VI;1911
24118;Villaverla;Veneto;VI;6114
24119;Zanè;Veneto;VI;6616
24120;Zermeghedo;Veneto;VI;1363
24121;Zovencedo;Veneto;VI;798
24122;Zugliano;Veneto;VI;6794
24123;Val Liona;Veneto;VI;3043
24124;Barbarano Mossano;Veneto;VI;6300
24125;Valbrenta;Veneto;VI;4914
24126;Colceresa;Veneto;VI;5944
24127;Lusiana Conco;Veneto;VI;4600
24128;Sovizzo;Veneto;VI;8308
25001;Agordo;Veneto;BL;4074
25003;Alleghe;Veneto;BL;1164
25004;Arsiè;Veneto;BL;2206
25005;Auronzo di Cadore;Veneto;BL;3150
25006;Belluno;Veneto;BL;35522
25007;Borca di Cadore;Veneto;BL;839
25008;Calalzo di Cadore;Veneto;BL;1906
25010;Cencenighe Agordino;Veneto;BL;1258
25011;Cesiomaggiore;Veneto;BL;3925
25012;Chies d'Alpago;Veneto;BL;1262
25013;Cibiana di Cadore;Veneto;BL;361
25014;Colle Santa Lucia;Veneto;BL;355
25015;Comelico Superiore;Veneto;BL;2096
25016;Cortina d'Ampezzo;Veneto;BL;5669
25017;Danta di Cadore;Veneto;BL;440
25018;Domegge di Cadore;Veneto;BL;2266
25019;Falcade;Veneto;BL;1860
25021;Feltre;Veneto;BL;20491
25022;Fonzaso;Veneto;BL;3082
25023;Canale d'Agordo;Veneto;BL;1085
25025;Gosaldo;Veneto;BL;545
25026;Lamon;Veneto;BL;2699
25027;La Valle Agordina;Veneto;BL;1067
25029;Limana;Veneto;BL;5309
25030;Livinallongo del Col di Lana;Veneto;BL;1315
25032;Lorenzago di Cadore;Veneto;BL;557
25033;Lozzo di Cadore;Veneto;BL;1286
25035;Ospitale di Cadore;Veneto;BL;269
25036;Pedavena;Veneto;BL;4323
25037;Perarolo di Cadore;Veneto;BL;367
25039;Pieve di Cadore;Veneto;BL;3729
25040;Ponte nelle Alpi;Veneto;BL;8003
25043;Rivamonte Agordino;Veneto;BL;619
25044;Rocca Pietore;Veneto;BL;1174
25045;San Gregorio nelle Alpi;Veneto;BL;1573
25046;San Nicolò di Comelico;Veneto;BL;373
25047;San Pietro di Cadore;Veneto;BL;1557
25048;Santa Giustina;Veneto;BL;6649
25049;San Tomaso Agordino;Veneto;BL;611
25050;Santo Stefano di Cadore;Veneto;BL;2418
25051;San Vito di Cadore;Veneto;BL;1955
25053;Sedico;Veneto;BL;10177
25054;Selva di Cadore;Veneto;BL;489
25055;Seren del Grappa;Veneto;BL;2417
25056;Sospirolo;Veneto;BL;3091
25057;Soverzene;Veneto;BL;366
25058;Sovramonte;Veneto;BL;1318
25059;Taibon Agordino;Veneto;BL;1728
25060;Tambre;Veneto;BL;1292
25062;Vallada Agordina;Veneto;BL;473
25063;Valle di Cadore;Veneto;BL;1847
25065;Vigo di Cadore;Veneto;BL;1363
25066;Vodo Cadore;Veneto;BL;829
25067;Voltago Agordino;Veneto;BL;830
25069;Zoppè di Cadore;Veneto;BL;191
25071;Longarone;Veneto;BL;5119
25072;Alpago;Veneto;BL;6648
25073;Val di Zoldo;Veneto;BL;2842
25074;Borgo Valbelluna;Veneto;BL;13488
25075;Setteville;Veneto;BL;5768
26001;Altivole;Veneto;TV;7084
26002;Arcade;Veneto;TV;4503
26003;Asolo;Veneto;TV;9057
26004;Borso del Grappa;Veneto;TV;5909
26005;Breda di Piave;Veneto;TV;7665
26006;Caerano di San Marco;Veneto;TV;7899
26007;Cappella Maggiore;Veneto;TV;4651
26008;Carbonera;Veneto;TV;11238
26009;Casale sul Sile;Veneto;TV;13149
26010;Casier;Veneto;TV;11335
26011;Castelcucco;Veneto;TV;2287
26012;Castelfranco Veneto;Veneto;TV;33357
26013;Castello di Godego;Veneto;TV;7123
26014;Cavaso del Tomba;Veneto;TV;2863
26015;Cessalto;Veneto;TV;3833
26016;Chiarano;Veneto;TV;3647
26017;Cimadolmo;Veneto;TV;3377
26018;Cison di Valmarino;Veneto;TV;2582
26019;Codognè;Veneto;TV;5296
26020;Colle Umberto;Veneto;TV;5067
26021;Conegliano;Veneto;TV;34480
26022;Cordignano;Veneto;TV;6899
26023;Cornuda;Veneto;TV;6293
26025;Crocetta del Montello;Veneto;TV;6080
26026;Farra di Soligo;Veneto;TV;8521
26027;Follina;Veneto;TV;3658
26028;Fontanelle;Veneto;TV;5654
26029;Fonte;Veneto;TV;5989
26030;Fregona;Veneto;TV;2819
26031;Gaiarine;Veneto;TV;6021
26032;Giavera del Montello;Veneto;TV;5185
26033;Godega di Sant'Urbano;Veneto;TV;5918
26034;Gorgo al Monticano;Veneto;TV;4039
26035;Istrana;Veneto;TV;9181
26036;Loria;Veneto;TV;9272
26037;Mansuè;Veneto;TV;4985
26038;Mareno di Piave;Veneto;TV;9608
26039;Maser;Veneto;TV;5129
26040;Maserada sul Piave;Veneto;TV;9217
26041;Meduna di Livenza;Veneto;TV;2925
26042;Miane;Veneto;TV;3163
26043;Mogliano Veneto;Veneto;TV;27561
26044;Monastier di Treviso;Veneto;TV;4438
26045;Monfumo;Veneto;TV;1305
26046;Montebelluna;Veneto;TV;31129
26047;Morgano;Veneto;TV;4424
26048;Moriago della Battaglia;Veneto;TV;2811
26049;Motta di Livenza;Veneto;TV;10641
26050;Nervesa della Battaglia;Veneto;TV;6583
26051;Oderzo;Veneto;TV;20344
26052;Ormelle;Veneto;TV;4480
26053;Orsago;Veneto;TV;3859
26055;Paese;Veneto;TV;22026
26056;Pederobba;Veneto;TV;7334
26057;Pieve di Soligo;Veneto;TV;11805
26058;Ponte di Piave;Veneto;TV;8285
26059;Ponzano Veneto;Veneto;TV;12910
26060;Portobuffolè;Veneto;TV;739
26061;Possagno;Veneto;TV;2196
26062;Povegliano;Veneto;TV;5097
26063;Preganziol;Veneto;TV;16896
26064;Quinto di Treviso;Veneto;TV;9945
26065;Refrontolo;Veneto;TV;1696
26066;Resana;Veneto;TV;9407
26067;Revine Lago;Veneto;TV;2109
26068;Riese Pio X;Veneto;TV;10938
26069;Roncade;Veneto;TV;14668
26070;Salgareda;Veneto;TV;6596
26071;San Biagio di Callalta;Veneto;TV;12795
26072;San Fior;Veneto;TV;6875
26073;San Pietro di Feletto;Veneto;TV;5092
26074;San Polo di Piave;Veneto;TV;4946
26075;Santa Lucia di Piave;Veneto;TV;9120
26076;San Vendemiano;Veneto;TV;9897
26077;San Zenone degli Ezzelini;Veneto;TV;7317
26078;Sarmede;Veneto;TV;2975
26079;Segusino;Veneto;TV;1838
26080;Sernaglia della Battaglia;Veneto;TV;6171
26081;Silea;Veneto;TV;10195
26082;Spresiano;Veneto;TV;12313
26083;Susegana;Veneto;TV;11707
26084;Tarzo;Veneto;TV;4228
26085;Trevignano;Veneto;TV;10704
26086;Treviso;Veneto;TV;84837
26087;Valdobbiadene;Veneto;TV;10140
26088;Vazzola;Veneto;TV;6858
26089;Vedelago;Veneto;TV;16491
26090;Vidor;Veneto;TV;3672
26091;Villorba;Veneto;TV;17768
26092;Vittorio Veneto;Veneto;TV;27479
26093;Volpago del Montello;Veneto;TV;10083
26094;Zenson di Piave;Veneto;TV;1729
26095;Zero Branco;Veneto;TV;11457
26096;Pieve del Grappa;Veneto;TV;6550
27001;Annone Veneto;Veneto;VE;3817
27002;Campagna Lupia;Veneto;VE;7157
27003;Campolongo Maggiore;Veneto;VE;10689
27004;Camponogara;Veneto;VE;13036
27005;Caorle;Veneto;VE;11242
27006;Cavarzere;Veneto;VE;13181
27007;Ceggia;Veneto;VE;6104
27008;Chioggia;Veneto;VE;48223
27009;Cinto Caomaggiore;Veneto;VE;3172
27010;Cona;Veneto;VE;2875
27011;Concordia Sagittaria;Veneto;VE;10256
27012;Dolo;Veneto;VE;15053
27013;Eraclea;Veneto;VE;12060
27014;Fiesso d'Artico;Veneto;VE;8465
27015;Fossalta di Piave;Veneto;VE;4150
27016;Fossalta di Portogruaro;Veneto;VE;5833
27017;Fossò;Veneto;VE;7053
27018;Gruaro;Veneto;VE;2760
27019;Jesolo;Veneto;VE;26511
27020;Marcon;Veneto;VE;17558
27021;Martellago;Veneto;VE;21394
27022;Meolo;Veneto;VE;6236
27023;Mira;Veneto;VE;37969
27024;Mirano;Veneto;VE;27159
27025;Musile di Piave;Veneto;VE;11322
27026;Noale;Veneto;VE;16108
27027;Noventa di Piave;Veneto;VE;6997
27028;Pianiga;Veneto;VE;12258
27029;Portogruaro;Veneto;VE;24592
27030;Pramaggiore;Veneto;VE;4659
27031;Quarto d'Altino;Veneto;VE;8046
27032;Salzano;Veneto;VE;12858
27033;San Donà di Piave;Veneto;VE;41807
27034;San Michele al Tagliamento;Veneto;VE;11714
27035;Santa Maria di Sala;Veneto;VE;17541
27036;San Stino di Livenza;Veneto;VE;12799
27037;Scorzè;Veneto;VE;19045
27038;Spinea;Veneto;VE;27877
27039;Stra;Veneto;VE;7543
27040;Teglio Veneto;Veneto;VE;2244
27041;Torre di Mosto;Veneto;VE;4768
27042;Venezia;Veneto;VE;256083
27043;Vigonovo;Veneto;VE;9936
27044;Cavallino-Treporti;Veneto;VE;13395
28001;Abano Terme;Veneto;PD;20095
28002;Agna;Veneto;PD;3193
28003;Albignasego;Veneto;PD;26441
28004;Anguillara Veneta;Veneto;PD;4182
28005;Arquà Petrarca;Veneto;PD;1801
28006;Arre;Veneto;PD;2130
28007;Arzergrande;Veneto;PD;4899
28008;Bagnoli di Sopra;Veneto;PD;3408
28009;Baone;Veneto;PD;3059
28010;Barbona;Veneto;PD;617
28011;Battaglia Terme;Veneto;PD;3805
28012;Boara Pisani;Veneto;PD;2416
28013;Borgoricco;Veneto;PD;8862
28014;Bovolenta;Veneto;PD;3491
28015;Brugine;Veneto;PD;7154
28016;Cadoneghe;Veneto;PD;15972
28017;Campodarsego;Veneto;PD;14780
28018;Campodoro;Veneto;PD;2613
28019;Camposampiero;Veneto;PD;11874
28020;Campo San Martino;Veneto;PD;5683
28021;Candiana;Veneto;PD;2243
28023;Carmignano di Brenta;Veneto;PD;7494
28026;Cartura;Veneto;PD;4561
28027;Casale di Scodosia;Veneto;PD;4781
28028;Casalserugo;Veneto;PD;5330
28029;Castelbaldo;Veneto;PD;1446
28030;Cervarese Santa Croce;Veneto;PD;5648
28031;Cinto Euganeo;Veneto;PD;1960
28032;Cittadella;Veneto;PD;20072
28033;Codevigo;Veneto;PD;6411
28034;Conselve;Veneto;PD;10069
28035;Correzzola;Veneto;PD;5090
28036;Curtarolo;Veneto;PD;7103
28037;Este;Veneto;PD;15990
28038;Fontaniva;Veneto;PD;7918
28039;Galliera Veneta;Veneto;PD;7127
28040;Galzignano Terme;Veneto;PD;4290
28041;Gazzo;Veneto;PD;4300
28042;Grantorto;Veneto;PD;4514
28043;Granze;Veneto;PD;1965
28044;Legnaro;Veneto;PD;9221
28045;Limena;Veneto;PD;8055
28046;Loreggia;Veneto;PD;7636
28047;Lozzo Atestino;Veneto;PD;2984
28048;Maserà di Padova;Veneto;PD;9144
28049;Masi;Veneto;PD;1746
28050;Massanzago;Veneto;PD;6070
28052;Megliadino San Vitale;Veneto;PD;1821
28053;Merlara;Veneto;PD;2518
28054;Mestrino;Veneto;PD;11649
28055;Monselice;Veneto;PD;17258
28056;Montagnana;Veneto;PD;8894
28057;Montegrotto Terme;Veneto;PD;11366
28058;Noventa Padovana;Veneto;PD;11507
28059;Ospedaletto Euganeo;Veneto;PD;5569
28060;Padova;Veneto;PD;209730
28061;Pernumia;Veneto;PD;3769
28062;Piacenza d'Adige;Veneto;PD;1259
28063;Piazzola sul Brenta;Veneto;PD;11046
28064;Piombino Dese;Veneto;PD;9484
28065;Piove di Sacco;Veneto;PD;20075
28066;Polverara;Veneto;PD;3358
28067;Ponso;Veneto;PD;2401
28068;Pontelongo;Veneto;PD;3674
28069;Ponte San Nicolò;Veneto;PD;13393
28070;Pozzonovo;Veneto;PD;3502
28071;Rovolon;Veneto;PD;4906
28072;Rubano;Veneto;PD;16721
28073;Saccolongo;Veneto;PD;4930
28075;San Giorgio delle Pertiche;Veneto;PD;10145
28076;San Giorgio in Bosco;Veneto;PD;6413
28077;San Martino di Lupari;Veneto;PD;13110
28078;San Pietro in Gu;Veneto;PD;4368
28079;San Pietro Viminario;Veneto;PD;3044
28080;Santa Giustina in Colle;Veneto;PD;7168
28082;Sant'Angelo di Piove di Sacco;Veneto;PD;7216
28083;Sant'Elena;Veneto;PD;2521
28084;Sant'Urbano;Veneto;PD;1942
28085;Saonara;Veneto;PD;10426
28086;Selvazzano Dentro;Veneto;PD;22920
28087;Solesino;Veneto;PD;6843
28088;Stanghella;Veneto;PD;4113
28089;Teolo;Veneto;PD;8941
28090;Terrassa Padovana;Veneto;PD;2690
28091;Tombolo;Veneto;PD;8268
28092;Torreglia;Veneto;PD;6137
28093;Trebaseleghe;Veneto;PD;12941
28094;Tribano;Veneto;PD;4267
28095;Urbana;Veneto;PD;2049
28096;Veggiano;Veneto;PD;4753
28097;Vescovana;Veneto;PD;1759
28099;Vigodarzere;Veneto;PD;13035
28100;Vigonza;Veneto;PD;23080
28101;Villa del Conte;Veneto;PD;5564
28102;Villa Estense;Veneto;PD;2135
28103;Villafranca Padovana;Veneto;PD;10491
28104;Villanova di Camposampiero;Veneto;PD;6163
28105;Vo';Veneto;PD;3258
28106;Due Carrare;Veneto;PD;8941
28107;Borgo Veneto;Veneto;PD;7045
28108;Santa Caterina d'Este;Veneto;PD;2338
29001;Adria;Veneto;RO;18950
29002;Ariano nel Polesine;Veneto;RO;4098
29003;Arquà Polesine;Veneto;RO;2628
29004;Badia Polesine;Veneto;RO;10053
29005;Bagnolo di Po;Veneto;RO;1195
29006;Bergantino;Veneto;RO;2453
29007;Bosaro;Veneto;RO;1453
29008;Calto;Veneto;RO;683
29009;Canaro;Veneto;RO;2620
29010;Canda;Veneto;RO;878
29011;Castelguglielmo;Veneto;RO;1521
29012;Castelmassa;Veneto;RO;4016
29013;Castelnovo Bariano;Veneto;RO;2624
29014;Ceneselli;Veneto;RO;1583
29015;Ceregnano;Veneto;RO;3515
29017;Corbola;Veneto;RO;2217
29018;Costa di Rovigo;Veneto;RO;2443
29019;Crespino;Veneto;RO;1747
29021;Ficarolo;Veneto;RO;2197
29022;Fiesso Umbertiano;Veneto;RO;3891
29023;Frassinelle Polesine;Veneto;RO;1370
29024;Fratta Polesine;Veneto;RO;2542
29025;Gaiba;Veneto;RO;989
29026;Gavello;Veneto;RO;1470
29027;Giacciano con Baruchella;Veneto;RO;2068
29028;Guarda Veneta;Veneto;RO;1110
29029;Lendinara;Veneto;RO;11517
29030;Loreo;Veneto;RO;3326
29031;Lusia;Veneto;RO;3398
29032;Melara;Veneto;RO;1697
29033;Occhiobello;Veneto;RO;12052
29034;Papozze;Veneto;RO;1392
29035;Pettorazza Grimani;Veneto;RO;1513
29036;Pincara;Veneto;RO;1121
29037;Polesella;Veneto;RO;3723
29038;Pontecchio Polesine;Veneto;RO;2192
29039;Porto Tolle;Veneto;RO;9203
29040;Rosolina;Veneto;RO;6295
29041;Rovigo;Veneto;RO;50535
29042;Salara;Veneto;RO;1081
29043;San Bellino;Veneto;RO;1064
29044;San Martino di Venezze;Veneto;RO;3777
29045;Stienta;Veneto;RO;3165
29046;Taglio di Po;Veneto;RO;8030
29047;Trecenta;Veneto;RO;2581
29048;Villadose;Veneto;RO;4867
29049;Villamarzana;Veneto;RO;1153
29050;Villanova del Ghebbo;Veneto;RO;1991
29051;Villanova Marchesana;Veneto;RO;865
29052;Porto Viro;Veneto;RO;13911
30001;Aiello del Friuli;Friuli-Venezia Giulia;UD;2179
30002;Amaro;Friuli-Venezia Giulia;UD;848
30003;Ampezzo;Friuli-Venezia Giulia;UD;941
30004;Aquileia;Friuli-Venezia Giulia;UD;3187
30005;Arta Terme;Friuli-Venezia Giulia;UD;2033
30006;Artegna;Friuli-Venezia Giulia;UD;2830
30007;Attimis;Friuli-Venezia Giulia;UD;1685
30008;Bagnaria Arsa;Friuli-Venezia Giulia;UD;3452
30009;Basiliano;Friuli-Venezia Giulia;UD;5238
30010;Bertiolo;Friuli-Venezia Giulia;UD;2391
30011;Bicinicco;Friuli-Venezia Giulia;UD;1797
30012;Bordano;Friuli-Venezia Giulia;UD;713
30013;Buja;Friuli-Venezia Giulia;UD;6364
30014;Buttrio;Friuli-Venezia Giulia;UD;3884
30015;Camino al Tagliamento;Friuli-Venezia Giulia;UD;1558
30016;Campoformido;Friuli-Venezia Giulia;UD;7863
30018;Carlino;Friuli-Venezia Giulia;UD;2728
30019;Cassacco;Friuli-Venezia Giulia;UD;2844
30020;Castions di Strada;Friuli-Venezia Giulia;UD;3710
30021;Cavazzo Carnico;Friuli-Venezia Giulia;UD;961
30022;Cercivento;Friuli-Venezia Giulia;UD;652
30023;Cervignano del Friuli;Friuli-Venezia Giulia;UD;13560
30024;Chiopris-Viscone;Friuli-Venezia Giulia;UD;665
30025;Chiusaforte;Friuli-Venezia Giulia;UD;621
30026;Cividale del Friuli;Friuli-Venezia Giulia;UD;10969
30027;Codroipo;Friuli-Venezia Giulia;UD;15909
30028;Colloredo di Monte Albano;Friuli-Venezia Giulia;UD;2176
30029;Comeglians;Friuli-Venezia Giulia;UD;449
30030;Corno di Rosazzo;Friuli-Venezia Giulia;UD;3121
30031;Coseano;Friuli-Venezia Giulia;UD;2091
30032;Dignano;Friuli-Venezia Giulia;UD;2313
30033;Dogna;Friuli-Venezia Giulia;UD;156
30034;Drenchia;Friuli-Venezia Giulia;UD;99
30035;Enemonzo;Friuli-Venezia Giulia;UD;1278
30036;Faedis;Friuli-Venezia Giulia;UD;2801
30037;Fagagna;Friuli-Venezia Giulia;UD;6055
30039;Flaibano;Friuli-Venezia Giulia;UD;1097
30040;Forni Avoltri;Friuli-Venezia Giulia;UD;531
30041;Forni di Sopra;Friuli-Venezia Giulia;UD;911
30042;Forni di Sotto;Friuli-Venezia Giulia;UD;557
30043;Gemona del Friuli;Friuli-Venezia Giulia;UD;10634
30044;Gonars;Friuli-Venezia Giulia;UD;4621
30045;Grimacco;Friuli-Venezia Giulia;UD;305
30046;Latisana;Friuli-Venezia Giulia;UD;13268
30047;Lauco;Friuli-Venezia Giulia;UD;678
30048;Lestizza;Friuli-Venezia Giulia;UD;3674
30049;Lignano Sabbiadoro;Friuli-Venezia Giulia;UD;6870
30051;Lusevera;Friuli-Venezia Giulia;UD;605
30052;Magnano in Riviera;Friuli-Venezia Giulia;UD;2291
30053;Majano;Friuli-Venezia Giulia;UD;5840
30054;Malborghetto Valbruna;Friuli-Venezia Giulia;UD;909
30055;Manzano;Friuli-Venezia Giulia;UD;6316
30056;Marano Lagunare;Friuli-Venezia Giulia;UD;1742
30057;Martignacco;Friuli-Venezia Giulia;UD;6898
30058;Mereto di Tomba;Friuli-Venezia Giulia;UD;2536
30059;Moggio Udinese;Friuli-Venezia Giulia;UD;1630
30060;Moimacco;Friuli-Venezia Giulia;UD;1659
30061;Montenars;Friuli-Venezia Giulia;UD;495
30062;Mortegliano;Friuli-Venezia Giulia;UD;4850
30063;Moruzzo;Friuli-Venezia Giulia;UD;2434
30064;Muzzana del Turgnano;Friuli-Venezia Giulia;UD;2400
30065;Nimis;Friuli-Venezia Giulia;UD;2586
30066;Osoppo;Friuli-Venezia Giulia;UD;2826
30067;Ovaro;Friuli-Venezia Giulia;UD;1791
30068;Pagnacco;Friuli-Venezia Giulia;UD;5152
30069;Palazzolo dello Stella;Friuli-Venezia Giulia;UD;2881
30070;Palmanova;Friuli-Venezia Giulia;UD;5376
30071;Paluzza;Friuli-Venezia Giulia;UD;2003
30072;Pasian di Prato;Friuli-Venezia Giulia;UD;9299
30073;Paularo;Friuli-Venezia Giulia;UD;2382
30074;Pavia di Udine;Friuli-Venezia Giulia;UD;5527
30075;Pocenia;Friuli-Venezia Giulia;UD;2399
30076;Pontebba;Friuli-Venezia Giulia;UD;1345
30077;Porpetto;Friuli-Venezia Giulia;UD;2480
30078;Povoletto;Friuli-Venezia Giulia;UD;5410
30079;Pozzuolo del Friuli;Friuli-Venezia Giulia;UD;6893
30080;Pradamano;Friuli-Venezia Giulia;UD;3554
30081;Prato Carnico;Friuli-Venezia Giulia;UD;870
30082;Precenicco;Friuli-Venezia Giulia;UD;1450
30083;Premariacco;Friuli-Venezia Giulia;UD;4015
30084;Preone;Friuli-Venezia Giulia;UD;260
30085;Prepotto;Friuli-Venezia Giulia;UD;729
30086;Pulfero;Friuli-Venezia Giulia;UD;849
30087;Ragogna;Friuli-Venezia Giulia;UD;2810
30088;Ravascletto;Friuli-Venezia Giulia;UD;497
30089;Raveo;Friuli-Venezia Giulia;UD;444
30090;Reana del Rojale;Friuli-Venezia Giulia;UD;4790
30091;Remanzacco;Friuli-Venezia Giulia;UD;6110
30092;Resia;Friuli-Venezia Giulia;UD;937
30093;Resiutta;Friuli-Venezia Giulia;UD;272
30094;Rigolato;Friuli-Venezia Giulia;UD;385
30095;Rive D'Arcano;Friuli-Venezia Giulia;UD;2380
30097;Ronchis;Friuli-Venezia Giulia;UD;1948
30098;Ruda;Friuli-Venezia Giulia;UD;2817
30099;San Daniele del Friuli;Friuli-Venezia Giulia;UD;7923
30100;San Giorgio di Nogaro;Friuli-Venezia Giulia;UD;7375
30101;San Giovanni al Natisone;Friuli-Venezia Giulia;UD;6101
30102;San Leonardo;Friuli-Venezia Giulia;UD;1047
30103;San Pietro al Natisone;Friuli-Venezia Giulia;UD;2129
30104;Santa Maria La Longa;Friuli-Venezia Giulia;UD;2313
30105;San Vito al Torre;Friuli-Venezia Giulia;UD;1219
30106;San Vito di Fagagna;Friuli-Venezia Giulia;UD;1690
30107;Sauris;Friuli-Venezia Giulia;UD;393
30108;Savogna;Friuli-Venezia Giulia;UD;351
30109;Sedegliano;Friuli-Venezia Giulia;UD;3681
30110;Socchieve;Friuli-Venezia Giulia;UD;866
30111;Stregna;Friuli-Venezia Giulia;UD;317
30112;Sutrio;Friuli-Venezia Giulia;UD;1237
30113;Taipana;Friuli-Venezia Giulia;UD;554
30114;Talmassons;Friuli-Venezia Giulia;UD;3900
30116;Tarcento;Friuli-Venezia Giulia;UD;8830
30117;Tarvisio;Friuli-Venezia Giulia;UD;4102
30118;Tavagnacco;Friuli-Venezia Giulia;UD;14780
30120;Terzo d'Aquileia;Friuli-Venezia Giulia;UD;2760
30121;Tolmezzo;Friuli-Venezia Giulia;UD;9998
30122;Torreano;Friuli-Venezia Giulia;UD;2059
30123;Torviscosa;Friuli-Venezia Giulia;UD;2677
30124;Trasaghis;Friuli-Venezia Giulia;UD;2116
30126;Treppo Grande;Friuli-Venezia Giulia;UD;1686
30127;Tricesimo;Friuli-Venezia Giulia;UD;7604
30128;Trivignano Udinese;Friuli-Venezia Giulia;UD;1586
30129;Udine;Friuli-Venezia Giulia;UD;98156
30130;Varmo;Friuli-Venezia Giulia;UD;2663
30131;Venzone;Friuli-Venezia Giulia;UD;1976
30132;Verzegnis;Friuli-Venezia Giulia;UD;845
30133;Villa Santina;Friuli-Venezia Giulia;UD;2166
30135;Visco;Friuli-Venezia Giulia;UD;816
30136;Zuglio;Friuli-Venezia Giulia;UD;562
30137;Forgaria nel Friuli;Friuli-Venezia Giulia;UD;1714
30138;Campolongo Tapogliano;Friuli-Venezia Giulia;UD;1130
30188;Rivignano Teor;Friuli-Venezia Giulia;UD;6174
30189;Sappada;Friuli-Venezia Giulia;UD;1305
30190;Fiumicello Villa Vicentina;Friuli-Venezia Giulia;UD;6275
30191;Treppo Ligosullo;Friuli-Venezia Giulia;UD;702
31001;Capriva del Friuli;Friuli-Venezia Giulia;GO;1622
31002;Cormons;Friuli-Venezia Giulia;GO;7250
31003;Doberdò del Lago;Friuli-Venezia Giulia;GO;1340
31004;Dolegna del Collio;Friuli-Venezia Giulia;GO;325
31005;Farra d'Isonzo;Friuli-Venezia Giulia;GO;1698
31006;Fogliano Redipuglia;Friuli-Venezia Giulia;GO;2977
31007;Gorizia;Friuli-Venezia Giulia;GO;34087
31008;Gradisca d'Isonzo;Friuli-Venezia Giulia;GO;6373
31009;Grado;Friuli-Venezia Giulia;GO;7959
31010;Mariano del Friuli;Friuli-Venezia Giulia;GO;1475
31011;Medea;Friuli-Venezia Giulia;GO;965
31012;Monfalcone;Friuli-Venezia Giulia;GO;29233
31013;Moraro;Friuli-Venezia Giulia;GO;693
31014;Mossa;Friuli-Venezia Giulia;GO;1525
31015;Romans d'Isonzo;Friuli-Venezia Giulia;GO;3706
31016;Ronchi dei Legionari;Friuli-Venezia Giulia;GO;11851
31017;Sagrado;Friuli-Venezia Giulia;GO;2155
31018;San Canzian d'Isonzo;Friuli-Venezia Giulia;GO;6110
31019;San Floriano del Collio;Friuli-Venezia Giulia;GO;747
31020;San Lorenzo Isontino;Friuli-Venezia Giulia;GO;1518
31021;San Pier d'Isonzo;Friuli-Venezia Giulia;GO;1977
31022;Savogna d'Isonzo;Friuli-Venezia Giulia;GO;1740
31023;Staranzano;Friuli-Venezia Giulia;GO;7266
31024;Turriaco;Friuli-Venezia Giulia;GO;2808
31025;Villesse;Friuli-Venezia Giulia;GO;1670
32001;Duino-Aurisina;Friuli-Venezia Giulia;TS;8373
32002;Monrupino;Friuli-Venezia Giulia;TS;857
32003;Muggia;Friuli-Venezia Giulia;TS;12966
32004;San Dorligo della Valle-Dolina;Friuli-Venezia Giulia;TS;5832
32005;Sgonico;Friuli-Venezia Giulia;TS;2052
32006;Trieste;Friuli-Venezia Giulia;TS;200609
33001;Agazzano;Emilia-Romagna;PC;1972
33002;Alseno;Emilia-Romagna;PC;4673
33003;Besenzone;Emilia-Romagna;PC;946
33004;Bettola;Emilia-Romagna;PC;2612
33005;Bobbio;Emilia-Romagna;PC;3487
33006;Borgonovo Val Tidone;Emilia-Romagna;PC;7989
33007;Cadeo;Emilia-Romagna;PC;5911
33008;Calendasco;Emilia-Romagna;PC;2407
33010;Caorso;Emilia-Romagna;PC;4740
33011;Carpaneto Piacentino;Emilia-Romagna;PC;7640
33012;Castell'Arquato;Emilia-Romagna;PC;4548
33013;Castel San Giovanni;Emilia-Romagna;PC;13813
33014;Castelvetro Piacentino;Emilia-Romagna;PC;5223
33015;Cerignale;Emilia-Romagna;PC;119
33016;Coli;Emilia-Romagna;PC;853
33017;Corte Brugnatella;Emilia-Romagna;PC;552
33018;Cortemaggiore;Emilia-Romagna;PC;4614
33019;Farini;Emilia-Romagna;PC;1078
33020;Ferriere;Emilia-Romagna;PC;1137
33021;Fiorenzuola d'Arda;Emilia-Romagna;PC;14947
33022;Gazzola;Emilia-Romagna;PC;2104
33023;Gossolengo;Emilia-Romagna;PC;5666
33024;Gragnano Trebbiense;Emilia-Romagna;PC;4491
33025;Gropparello;Emilia-Romagna;PC;2144
33026;Lugagnano Val D'Arda;Emilia-Romagna;PC;3857
33027;Monticelli d'Ongina;Emilia-Romagna;PC;5118
33028;Morfasso;Emilia-Romagna;PC;926
33030;Ottone;Emilia-Romagna;PC;468
33032;Piacenza;Emilia-Romagna;PC;102731
33033;Pianello Val Tidone;Emilia-Romagna;PC;2173
33034;Piozzano;Emilia-Romagna;PC;594
33035;Podenzano;Emilia-Romagna;PC;9138
33036;Ponte dell'Olio;Emilia-Romagna;PC;4573
33037;Pontenure;Emilia-Romagna;PC;6512
33038;Rivergaro;Emilia-Romagna;PC;7012
33039;Rottofreno;Emilia-Romagna;PC;12211
33040;San Giorgio Piacentino;Emilia-Romagna;PC;5600
33041;San Pietro in Cerro;Emilia-Romagna;PC;808
33042;Sarmato;Emilia-Romagna;PC;2896
33043;Travo;Emilia-Romagna;PC;2110
33044;Vernasca;Emilia-Romagna;PC;2017
33045;Vigolzone;Emilia-Romagna;PC;4193
33046;Villanova sull'Arda;Emilia-Romagna;PC;1681
33047;Zerba;Emilia-Romagna;PC;70
33048;Ziano Piacentino;Emilia-Romagna;PC;2451
33049;Alta Val Tidone;Emilia-Romagna;PC;2937
34001;Albareto;Emilia-Romagna;PR;2101
34002;Bardi;Emilia-Romagna;PR;2044
34003;Bedonia;Emilia-Romagna;PR;3200
34004;Berceto;Emilia-Romagna;PR;1988
34005;Bore;Emilia-Romagna;PR;676
34006;Borgo Val di Taro;Emilia-Romagna;PR;6715
34007;Busseto;Emilia-Romagna;PR;6827
34008;Calestano;Emilia-Romagna;PR;2049
34009;Collecchio;Emilia-Romagna;PR;14634
34010;Colorno;Emilia-Romagna;PR;9008
34011;Compiano;Emilia-Romagna;PR;1061
34012;Corniglio;Emilia-Romagna;PR;1755
34013;Felino;Emilia-Romagna;PR;9151
34014;Fidenza;Emilia-Romagna;PR;26987
34015;Fontanellato;Emilia-Romagna;PR;7013
34016;Fontevivo;Emilia-Romagna;PR;5624
34017;Fornovo di Taro;Emilia-Romagna;PR;5906
34018;Langhirano;Emilia-Romagna;PR;10599
34019;Lesignano de' Bagni;Emilia-Romagna;PR;5033
34020;Medesano;Emilia-Romagna;PR;10703
34022;Monchio delle Corti;Emilia-Romagna;PR;843
34023;Montechiarugolo;Emilia-Romagna;PR;11077
34024;Neviano degli Arduini;Emilia-Romagna;PR;3466
34025;Noceto;Emilia-Romagna;PR;13138
34026;Palanzano;Emilia-Romagna;PR;1060
34027;Parma;Emilia-Romagna;PR;195998
34028;Pellegrino Parmense;Emilia-Romagna;PR;955
34030;Roccabianca;Emilia-Romagna;PR;2878
34031;Sala Baganza;Emilia-Romagna;PR;5757
34032;Salsomaggiore Terme;Emilia-Romagna;PR;19819
34033;San Secondo Parmense;Emilia-Romagna;PR;5767
34035;Solignano;Emilia-Romagna;PR;1722
34036;Soragna;Emilia-Romagna;PR;4790
34038;Terenzo;Emilia-Romagna;PR;1172
34039;Tizzano Val Parma;Emilia-Romagna;PR;2122
34040;Tornolo;Emilia-Romagna;PR;894
34041;Torrile;Emilia-Romagna;PR;7702
34042;Traversetolo;Emilia-Romagna;PR;9556
34044;Valmozzola;Emilia-Romagna;PR;513
34045;Varano de' Melegari;Emilia-Romagna;PR;2617
34046;Varsi;Emilia-Romagna;PR;1157
34049;Sissa Trecasali;Emilia-Romagna;PR;7729
34050;Polesine Zibello;Emilia-Romagna;PR;3139
34051;Sorbolo Mezzani;Emilia-Romagna;PR;12683
35001;Albinea;Emilia-Romagna;RE;8743
35002;Bagnolo in Piano;Emilia-Romagna;RE;9628
35003;Baiso;Emilia-Romagna;RE;3209
35004;Bibbiano;Emilia-Romagna;RE;10140
35005;Boretto;Emilia-Romagna;RE;5311
35006;Brescello;Emilia-Romagna;RE;5675
35008;Cadelbosco di Sopra;Emilia-Romagna;RE;10704
35009;Campagnola Emilia;Emilia-Romagna;RE;5635
35010;Campegine;Emilia-Romagna;RE;5292
35011;Carpineti;Emilia-Romagna;RE;3877
35012;Casalgrande;Emilia-Romagna;RE;18946
35013;Casina;Emilia-Romagna;RE;4455
35014;Castellarano;Emilia-Romagna;RE;15364
35015;Castelnovo di Sotto;Emilia-Romagna;RE;8415
35016;Castelnovo ne' Monti;Emilia-Romagna;RE;10360
35017;Cavriago;Emilia-Romagna;RE;9828
35018;Canossa;Emilia-Romagna;RE;3676
35020;Correggio;Emilia-Romagna;RE;24966
35021;Fabbrico;Emilia-Romagna;RE;6618
35022;Gattatico;Emilia-Romagna;RE;5715
35023;Gualtieri;Emilia-Romagna;RE;6317
35024;Guastalla;Emilia-Romagna;RE;14746
35026;Luzzara;Emilia-Romagna;RE;8520
35027;Montecchio Emilia;Emilia-Romagna;RE;10433
35028;Novellara;Emilia-Romagna;RE;13368
35029;Poviglio;Emilia-Romagna;RE;7176
35030;Quattro Castella;Emilia-Romagna;RE;13115
35032;Reggiolo;Emilia-Romagna;RE;9072
35033;Reggio nell'Emilia;Emilia-Romagna;RE;170601
35034;Rio Saliceto;Emilia-Romagna;RE;5962
35035;Rolo;Emilia-Romagna;RE;4021
35036;Rubiera;Emilia-Romagna;RE;14869
35037;San Martino in Rio;Emilia-Romagna;RE;8219
35038;San Polo d'Enza;Emilia-Romagna;RE;6173
35039;Sant'Ilario d'Enza;Emilia-Romagna;RE;11159
35040;Scandiano;Emilia-Romagna;RE;25672
35041;Toano;Emilia-Romagna;RE;4195
35042;Vetto;Emilia-Romagna;RE;1801
35043;Vezzano sul Crostolo;Emilia-Romagna;RE;4323
35044;Viano;Emilia-Romagna;RE;3309
35045;Villa Minozzo;Emilia-Romagna;RE;3540
35046;Ventasso;Emilia-Romagna;RE;3992
36001;Bastiglia;Emilia-Romagna;MO;4134
36002;Bomporto;Emilia-Romagna;MO;10142
36003;Campogalliano;Emilia-Romagna;MO;8605
36004;Camposanto;Emilia-Romagna;MO;3192
36005;Carpi;Emilia-Romagna;MO;71730
36006;Castelfranco Emilia;Emilia-Romagna;MO;32908
36007;Castelnuovo Rangone;Emilia-Romagna;MO;15081
36008;Castelvetro di Modena;Emilia-Romagna;MO;11284
36009;Cavezzo;Emilia-Romagna;MO;6960
36010;Concordia sulla Secchia;Emilia-Romagna;MO;8162
36011;Fanano;Emilia-Romagna;MO;2951
36012;Finale Emilia;Emilia-Romagna;MO;15047
36013;Fiorano Modenese;Emilia-Romagna;MO;16988
36014;Fiumalbo;Emilia-Romagna;MO;1196
36015;Formigine;Emilia-Romagna;MO;34541
36016;Frassinoro;Emilia-Romagna;MO;1801
36017;Guiglia;Emilia-Romagna;MO;4003
36018;Lama Mocogno;Emilia-Romagna;MO;2656
36019;Maranello;Emilia-Romagna;MO;17379
36020;Marano sul Panaro;Emilia-Romagna;MO;5297
36021;Medolla;Emilia-Romagna;MO;6301
36022;Mirandola;Emilia-Romagna;MO;24103
36023;Modena;Emilia-Romagna;MO;186414
36024;Montecreto;Emilia-Romagna;MO;914
36025;Montefiorino;Emilia-Romagna;MO;2084
36026;Montese;Emilia-Romagna;MO;3208
36027;Nonantola;Emilia-Romagna;MO;16010
36028;Novi di Modena;Emilia-Romagna;MO;9983
36029;Palagano;Emilia-Romagna;MO;2073
36030;Pavullo nel Frignano;Emilia-Romagna;MO;17979
36031;Pievepelago;Emilia-Romagna;MO;2185
36032;Polinago;Emilia-Romagna;MO;1580
36033;Prignano sulla Secchia;Emilia-Romagna;MO;3753
36034;Ravarino;Emilia-Romagna;MO;6194
36035;Riolunato;Emilia-Romagna;MO;676
36036;San Cesario sul Panaro;Emilia-Romagna;MO;6533
36037;San Felice sul Panaro;Emilia-Romagna;MO;10741
36038;San Possidonio;Emilia-Romagna;MO;3471
36039;San Prospero;Emilia-Romagna;MO;5975
36040;Sassuolo;Emilia-Romagna;MO;40722
36041;Savignano sul Panaro;Emilia-Romagna;MO;9289
36042;Serramazzoni;Emilia-Romagna;MO;8404
36043;Sestola;Emilia-Romagna;MO;2435
36044;Soliera;Emilia-Romagna;MO;15474
36045;Spilamberto;Emilia-Romagna;MO;12845
36046;Vignola;Emilia-Romagna;MO;25726
36047;Zocca;Emilia-Romagna;MO;4567
37001;Anzola dell'Emilia;Emilia-Romagna;BO;12353
37002;Argelato;Emilia-Romagna;BO;9741
37003;Baricella;Emilia-Romagna;BO;7074
37005;Bentivoglio;Emilia-Romagna;BO;5801
37006;Bologna;Emilia-Romagna;BO;391686
37007;Borgo Tossignano;Emilia-Romagna;BO;3228
37008;Budrio;Emilia-Romagna;BO;18368
37009;Calderara di Reno;Emilia-Romagna;BO;13479
37010;Camugnano;Emilia-Romagna;BO;1800
37011;Casalecchio di Reno;Emilia-Romagna;BO;36052
37012;Casalfiumanese;Emilia-Romagna;BO;3373
37013;Castel d'Aiano;Emilia-Romagna;BO;1857
37014;Castel del Rio;Emilia-Romagna;BO;1189
37015;Castel di Casio;Emilia-Romagna;BO;3307
37016;Castel Guelfo di Bologna;Emilia-Romagna;BO;4529
37017;Castello d'Argile;Emilia-Romagna;BO;6554
37019;Castel Maggiore;Emilia-Romagna;BO;18631
37020;Castel San Pietro Terme;Emilia-Romagna;BO;20786
37021;Castenaso;Emilia-Romagna;BO;15870
37022;Castiglione dei Pepoli;Emilia-Romagna;BO;5418
37024;Crevalcore;Emilia-Romagna;BO;13675
37025;Dozza;Emilia-Romagna;BO;6609
37026;Fontanelice;Emilia-Romagna;BO;1945
37027;Gaggio Montano;Emilia-Romagna;BO;4810
37028;Galliera;Emilia-Romagna;BO;5504
37030;Granarolo dell'Emilia;Emilia-Romagna;BO;12471
37031;Grizzana Morandi;Emilia-Romagna;BO;3882
37032;Imola;Emilia-Romagna;BO;69855
37033;Lizzano in Belvedere;Emilia-Romagna;BO;2161
37034;Loiano;Emilia-Romagna;BO;4328
37035;Malalbergo;Emilia-Romagna;BO;9085
37036;Marzabotto;Emilia-Romagna;BO;6731
37037;Medicina;Emilia-Romagna;BO;16599
37038;Minerbio;Emilia-Romagna;BO;8941
37039;Molinella;Emilia-Romagna;BO;15648
37040;Monghidoro;Emilia-Romagna;BO;3699
37041;Monterenzio;Emilia-Romagna;BO;6105
37042;Monte San Pietro;Emilia-Romagna;BO;10695
37044;Monzuno;Emilia-Romagna;BO;6346
37045;Mordano;Emilia-Romagna;BO;4613
37046;Ozzano dell'Emilia;Emilia-Romagna;BO;13927
37047;Pianoro;Emilia-Romagna;BO;17472
37048;Pieve di Cento;Emilia-Romagna;BO;7132
37050;Sala Bolognese;Emilia-Romagna;BO;8478
37051;San Benedetto Val di Sambro;Emilia-Romagna;BO;4203
37052;San Giorgio di Piano;Emilia-Romagna;BO;9048
37053;San Giovanni in Persiceto;Emilia-Romagna;BO;28048
37054;San Lazzaro di Savena;Emilia-Romagna;BO;32665
37055;San Pietro in Casale;Emilia-Romagna;BO;12678
37056;Sant'Agata Bolognese;Emilia-Romagna;BO;7339
37057;Sasso Marconi;Emilia-Romagna;BO;14761
37059;Vergato;Emilia-Romagna;BO;7608
37060;Zola Predosa;Emilia-Romagna;BO;19113
37061;Valsamoggia;Emilia-Romagna;BO;31503
37062;Alto Reno Terme;Emilia-Romagna;BO;6835
38001;Argenta;Emilia-Romagna;FE;21140
38003;Bondeno;Emilia-Romagna;FE;13905
38004;Cento;Emilia-Romagna;FE;35107
38005;Codigoro;Emilia-Romagna;FE;11297
38006;Comacchio;Emilia-Romagna;FE;22081
38007;Copparo;Emilia-Romagna;FE;15874
38008;Ferrara;Emilia-Romagna;FE;131669
38010;Jolanda di Savoia;Emilia-Romagna;FE;2686
38011;Lagosanto;Emilia-Romagna;FE;4760
38012;Masi Torello;Emilia-Romagna;FE;2332
38014;Mesola;Emilia-Romagna;FE;6549
38017;Ostellato;Emilia-Romagna;FE;5769
38018;Poggio Renatico;Emilia-Romagna;FE;9787
38019;Portomaggiore;Emilia-Romagna;FE;11506
38022;Vigarano Mainarda;Emilia-Romagna;FE;7590
38023;Voghiera;Emilia-Romagna;FE;3646
38025;Goro;Emilia-Romagna;FE;3588
38027;Fiscaglia;Emilia-Romagna;FE;8493
38028;Terre del Reno;Emilia-Romagna;FE;9826
38029;Riva del Po;Emilia-Romagna;FE;7573
38030;Tresignana;Emilia-Romagna;FE;6883
39001;Alfonsine;Emilia-Romagna;RA;11626
39002;Bagnacavallo;Emilia-Romagna;RA;16402
39003;Bagnara di Romagna;Emilia-Romagna;RA;2414
39004;Brisighella;Emilia-Romagna;RA;7244
39005;Casola Valsenio;Emilia-Romagna;RA;2502
39006;Castel Bolognese;Emilia-Romagna;RA;9549
39007;Cervia;Emilia-Romagna;RA;28774
39008;Conselice;Emilia-Romagna;RA;9554
39009;Cotignola;Emilia-Romagna;RA;7329
39010;Faenza;Emilia-Romagna;RA;59063
39011;Fusignano;Emilia-Romagna;RA;8082
39012;Lugo;Emilia-Romagna;RA;31934
39013;Massa Lombarda;Emilia-Romagna;RA;10501
39014;Ravenna;Emilia-Romagna;RA;156463
39015;Riolo Terme;Emilia-Romagna;RA;5699
39016;Russi;Emilia-Romagna;RA;12136
39017;Sant'Agata sul Santerno;Emilia-Romagna;RA;2898
39018;Solarolo;Emilia-Romagna;RA;4473
40001;Bagno di Romagna;Emilia-Romagna;FC;5621
40003;Bertinoro;Emilia-Romagna;FC;11016
40004;Borghi;Emilia-Romagna;FC;2878
40005;Castrocaro Terme e Terra del Sole;Emilia-Romagna;FC;6264
40007;Cesena;Emilia-Romagna;FC;96520
40008;Cesenatico;Emilia-Romagna;FC;25992
40009;Civitella di Romagna;Emilia-Romagna;FC;3701
40011;Dovadola;Emilia-Romagna;FC;1567
40012;Forlì;Emilia-Romagna;FC;117407
40013;Forlimpopoli;Emilia-Romagna;FC;13099
40014;Galeata;Emilia-Romagna;FC;2385
40015;Gambettola;Emilia-Romagna;FC;10661
40016;Gatteo;Emilia-Romagna;FC;9289
40018;Longiano;Emilia-Romagna;FC;7219
40019;Meldola;Emilia-Romagna;FC;9910
40020;Mercato Saraceno;Emilia-Romagna;FC;6821
40022;Modigliana;Emilia-Romagna;FC;4357
40028;Montiano;Emilia-Romagna;FC;1704
40031;Portico e San Benedetto;Emilia-Romagna;FC;745
40032;Predappio;Emilia-Romagna;FC;6183
40033;Premilcuore;Emilia-Romagna;FC;716
40036;Rocca San Casciano;Emilia-Romagna;FC;1766
40037;Roncofreddo;Emilia-Romagna;FC;3416
40041;San Mauro Pascoli;Emilia-Romagna;FC;12184
40043;Santa Sofia;Emilia-Romagna;FC;4053
40044;Sarsina;Emilia-Romagna;FC;3301
40045;Savignano sul Rubicone;Emilia-Romagna;FC;17858
40046;Sogliano al Rubicone;Emilia-Romagna;FC;3117
40049;Tredozio;Emilia-Romagna;FC;1142
40050;Verghereto;Emilia-Romagna;FC;1750
41001;Acqualagna;Marche;PU;4240
41002;Apecchio;Marche;PU;1749
41005;Belforte all'Isauro;Marche;PU;750
41006;Borgo Pace;Marche;PU;540
41007;Cagli;Marche;PU;8072
41008;Cantiano;Marche;PU;2021
41009;Carpegna;Marche;PU;1608
41010;Cartoceto;Marche;PU;7974
41013;Fano;Marche;PU;60136
41014;Fermignano;Marche;PU;8290
41015;Fossombrone;Marche;PU;9123
41016;Fratte Rosa;Marche;PU;882
41017;Frontino;Marche;PU;291
41018;Frontone;Marche;PU;1222
41019;Gabicce Mare;Marche;PU;5597
41020;Gradara;Marche;PU;4881
41021;Isola del Piano;Marche;PU;556
41022;Lunano;Marche;PU;1465
41023;Macerata Feltria;Marche;PU;1904
41025;Mercatello sul Metauro;Marche;PU;1298
41026;Mercatino Conca;Marche;PU;1008
41027;Mombaroccio;Marche;PU;2042
41028;Mondavio;Marche;PU;3663
41029;Mondolfo;Marche;PU;14307
41030;Montecalvo in Foglia;Marche;PU;2723
41031;Monte Cerignone;Marche;PU;636
41034;Montefelcino;Marche;PU;2517
41035;Monte Grimano Terme;Marche;PU;1075
41036;Montelabbate;Marche;PU;6933
41038;Monte Porzio;Marche;PU;2801
41041;Peglio;Marche;PU;651
41043;Pergola;Marche;PU;5849
41044;Pesaro;Marche;PU;95950
41045;Petriano;Marche;PU;2768
41047;Piandimeleto;Marche;PU;2054
41048;Pietrarubbia;Marche;PU;610
41049;Piobbico;Marche;PU;1839
41051;San Costanzo;Marche;PU;4583
41054;San Lorenzo in Campo;Marche;PU;3176
41057;Sant'Angelo in Vado;Marche;PU;3919
41058;Sant'Ippolito;Marche;PU;1463
41061;Serra Sant'Abbondio;Marche;PU;944
41064;Tavoleto;Marche;PU;852
41065;Tavullia;Marche;PU;7878
41066;Urbania;Marche;PU;6886
41067;Urbino;Marche;PU;14007
41068;Vallefoglia;Marche;PU;14908
41069;Colli al Metauro;Marche;PU;12202
41070;Terre Roveresche;Marche;PU;5143
41071;Sassocorvaro Auditore;Marche;PU;4870
42001;Agugliano;Marche;AN;4747
42002;Ancona;Marche;AN;99273
42003;Arcevia;Marche;AN;4272
42004;Barbara;Marche;AN;1281
42005;Belvedere Ostrense;Marche;AN;2133
42006;Camerano;Marche;AN;7160
42007;Camerata Picena;Marche;AN;2525
42008;Castelbellino;Marche;AN;4956
42010;Castelfidardo;Marche;AN;18517
42011;Castelleone di Suasa;Marche;AN;1597
42012;Castelplanio;Marche;AN;3465
42013;Cerreto d'Esi;Marche;AN;3486
42014;Chiaravalle;Marche;AN;14389
42015;Corinaldo;Marche;AN;4848
42016;Cupramontana;Marche;AN;4418
42017;Fabriano;Marche;AN;29484
42018;Falconara Marittima;Marche;AN;25727
42019;Filottrano;Marche;AN;9034
42020;Genga;Marche;AN;1679
42021;Jesi;Marche;AN;39440
42022;Loreto;Marche;AN;12825
42023;Maiolati Spontini;Marche;AN;6150
42024;Mergo;Marche;AN;991
42025;Monsano;Marche;AN;3299
42026;Montecarotto;Marche;AN;1845
42027;Montemarciano;Marche;AN;9896
42029;Monte Roberto;Marche;AN;3052
42030;Monte San Vito;Marche;AN;6744
42031;Morro d'Alba;Marche;AN;1813
42032;Numana;Marche;AN;3741
42033;Offagna;Marche;AN;2051
42034;Osimo;Marche;AN;34826
42035;Ostra;Marche;AN;6464
42036;Ostra Vetere;Marche;AN;3125
42037;Poggio San Marcello;Marche;AN;648
42038;Polverigi;Marche;AN;4584
42040;Rosora;Marche;AN;1890
42041;San Marcello;Marche;AN;1983
42042;San Paolo di Jesi;Marche;AN;920
42043;Santa Maria Nuova;Marche;AN;4048
42044;Sassoferrato;Marche;AN;6876
42045;Senigallia;Marche;AN;44323
42046;Serra de' Conti;Marche;AN;3650
42047;Serra San Quirico;Marche;AN;2596
42048;Sirolo;Marche;AN;4069
42049;Staffolo;Marche;AN;2112
42050;Trecastelli;Marche;AN;7467
43002;Apiro;Marche;MC;2073
43003;Appignano;Marche;MC;4065
43004;Belforte del Chienti;Marche;MC;1827
43005;Bolognola;Marche;MC;153
43006;Caldarola;Marche;MC;1684
43007;Camerino;Marche;MC;6312
43008;Camporotondo di Fiastrone;Marche;MC;511
43009;Castelraimondo;Marche;MC;4364
43010;Castelsantangelo sul Nera;Marche;MC;241
43011;Cessapalombo;Marche;MC;443
43012;Cingoli;Marche;MC;9797
43013;Civitanova Marche;Marche;MC;41894
43014;Colmurano;Marche;MC;1190
43015;Corridonia;Marche;MC;14941
43016;Esanatoglia;Marche;MC;1917
43017;Fiastra;Marche;MC;642
43019;Fiuminata;Marche;MC;1288
43020;Gagliole;Marche;MC;538
43021;Gualdo;Marche;MC;736
43022;Loro Piceno;Marche;MC;2203
43023;Macerata;Marche;MC;41079
43024;Matelica;Marche;MC;9364
43025;Mogliano;Marche;MC;4407
43026;Montecassiano;Marche;MC;6961
43027;Monte Cavallo;Marche;MC;108
43028;Montecosaro;Marche;MC;7384
43029;Montefano;Marche;MC;3315
43030;Montelupone;Marche;MC;3436
43031;Monte San Giusto;Marche;MC;7543
43032;Monte San Martino;Marche;MC;697
43033;Morrovalle;Marche;MC;9979
43034;Muccia;Marche;MC;849
43035;Penna San Giovanni;Marche;MC;992
43036;Petriolo;Marche;MC;1868
43038;Pieve Torina;Marche;MC;1284
43039;Pioraco;Marche;MC;1001
43040;Poggio San Vicino;Marche;MC;221
43041;Pollenza;Marche;MC;6350
43042;Porto Recanati;Marche;MC;12163
43043;Potenza Picena;Marche;MC;15652
43044;Recanati;Marche;MC;20865
43045;Ripe San Ginesio;Marche;MC;819
43046;San Ginesio;Marche;MC;3149
43047;San Severino Marche;Marche;MC;12009
43048;Sant'Angelo in Pontano;Marche;MC;1285
43049;Sarnano;Marche;MC;3080
43050;Sefro;Marche;MC;416
43051;Serrapetrona;Marche;MC;910
43052;Serravalle di Chienti;Marche;MC;1031
43053;Tolentino;Marche;MC;18498
43054;Treia;Marche;MC;9123
43055;Urbisaglia;Marche;MC;2448
43056;Ussita;Marche;MC;381
43057;Visso;Marche;MC;1005
43058;Valfornace;Marche;MC;919
44001;Acquasanta Terme;Marche;AP;2575
44002;Acquaviva Picena;Marche;AP;3668
44005;Appignano del Tronto;Marche;AP;1708
44006;Arquata del Tronto;Marche;AP;1040
44007;Ascoli Piceno;Marche;AP;46554
44010;Carassai;Marche;AP;985
44011;Castel di Lama;Marche;AP;8458
44012;Castignano;Marche;AP;2639
44013;Castorano;Marche;AP;2270
44014;Colli del Tronto;Marche;AP;3655
44015;Comunanza;Marche;AP;2981
44016;Cossignano;Marche;AP;872
44017;Cupra Marittima;Marche;AP;5355
44020;Folignano;Marche;AP;8916
44021;Force;Marche;AP;1175
44023;Grottammare;Marche;AP;15960
44027;Maltignano;Marche;AP;2305
44029;Massignano;Marche;AP;1651
44031;Monsampolo del Tronto;Marche;AP;4486
44032;Montalto delle Marche;Marche;AP;1964
44034;Montedinove;Marche;AP;479
44036;Montefiore dell'Aso;Marche;AP;1991
44038;Montegallo;Marche;AP;463
44044;Montemonaco;Marche;AP;546
44045;Monteprandone;Marche;AP;12820
44054;Offida;Marche;AP;4770
44056;Palmiano;Marche;AP;165
44063;Ripatransone;Marche;AP;4061
44064;Roccafluvione;Marche;AP;1926
44065;Rotella;Marche;AP;834
44066;San Benedetto del Tronto;Marche;AP;46976
44071;Spinetoli;Marche;AP;7248
44073;Venarotta;Marche;AP;1929
45001;Aulla;Toscana;MS;10781
45002;Bagnone;Toscana;MS;1735
45003;Carrara;Toscana;MS;60833
45004;Casola in Lunigiana;Toscana;MS;988
45005;Comano;Toscana;MS;672
45006;Filattiera;Toscana;MS;2209
45007;Fivizzano;Toscana;MS;7300
45008;Fosdinovo;Toscana;MS;4629
45009;Licciana Nardi;Toscana;MS;4804
45010;Massa;Toscana;MS;66977
45011;Montignoso;Toscana;MS;10050
45012;Mulazzo;Toscana;MS;2293
45013;Podenzana;Toscana;MS;2106
45014;Pontremoli;Toscana;MS;6950
45015;Tresana;Toscana;MS;1925
45016;Villafranca in Lunigiana;Toscana;MS;4592
45017;Zeri;Toscana;MS;992
46001;Altopascio;Toscana;LU;15619
46002;Bagni di Lucca;Toscana;LU;5629
46003;Barga;Toscana;LU;9574
46004;Borgo a Mozzano;Toscana;LU;6719
46005;Camaiore;Toscana;LU;31761
46006;Camporgiano;Toscana;LU;2062
46007;Capannori;Toscana;LU;46389
46008;Careggine;Toscana;LU;522
46009;Castelnuovo di Garfagnana;Toscana;LU;5685
46010;Castiglione di Garfagnana;Toscana;LU;1700
46011;Coreglia Antelminelli;Toscana;LU;5161
46013;Forte dei Marmi;Toscana;LU;7217
46014;Fosciandora;Toscana;LU;567
46015;Gallicano;Toscana;LU;3580
46017;Lucca;Toscana;LU;89378
46018;Massarosa;Toscana;LU;21951
46019;Minucciano;Toscana;LU;1853
46020;Molazzana;Toscana;LU;1018
46021;Montecarlo;Toscana;LU;4353
46022;Pescaglia;Toscana;LU;3342
46023;Piazza al Serchio;Toscana;LU;2178
46024;Pietrasanta;Toscana;LU;23121
46025;Pieve Fosciana;Toscana;LU;2318
46026;Porcari;Toscana;LU;8830
46027;San Romano in Garfagnana;Toscana;LU;1368
46028;Seravezza;Toscana;LU;12556
46030;Stazzema;Toscana;LU;2898
46031;Vagli Sotto;Toscana;LU;865
46033;Viareggio;Toscana;LU;61251
46034;Villa Basilica;Toscana;LU;1494
46035;Villa Collemandina;Toscana;LU;1241
46036;Fabbriche di Vergemoli;Toscana;LU;751
46037;Sillano Giuncugnano;Toscana;LU;1006
47002;Agliana;Toscana;PT;18112
47003;Buggiano;Toscana;PT;8768
47005;Lamporecchio;Toscana;PT;7372
47006;Larciano;Toscana;PT;6279
47007;Marliana;Toscana;PT;3130
47008;Massa e Cozzile;Toscana;PT;7707
47009;Monsummano Terme;Toscana;PT;20899
47010;Montale;Toscana;PT;10757
47011;Montecatini-Terme;Toscana;PT;20452
47012;Pescia;Toscana;PT;19250
47013;Pieve a Nievole;Toscana;PT;9167
47014;Pistoia;Toscana;PT;89729
47016;Ponte Buggianese;Toscana;PT;8792
47017;Quarrata;Toscana;PT;26924
47018;Sambuca Pistoiese;Toscana;PT;1444
47020;Serravalle Pistoiese;Toscana;PT;11664
47021;Uzzano;Toscana;PT;5612
47022;Chiesina Uzzanese;Toscana;PT;4505
47023;Abetone Cutigliano;Toscana;PT;1973
47024;San Marcello Piteglio;Toscana;PT;7709
48001;Bagno a Ripoli;Toscana;FI;25323
48002;Barberino di Mugello;Toscana;FI;10870
48004;Borgo San Lorenzo;Toscana;FI;18207
48005;Calenzano;Toscana;FI;18420
48006;Campi Bisenzio;Toscana;FI;47871
48008;Capraia e Limite;Toscana;FI;7856
48010;Castelfiorentino;Toscana;FI;17437
48011;Cerreto Guidi;Toscana;FI;10932
48012;Certaldo;Toscana;FI;15632
48013;Dicomano;Toscana;FI;5439
48014;Empoli;Toscana;FI;48674
48015;Fiesole;Toscana;FI;13845
48017;Firenze;Toscana;FI;368419
48018;Firenzuola;Toscana;FI;4499
48019;Fucecchio;Toscana;FI;22990
48020;Gambassi Terme;Toscana;FI;4792
48021;Greve in Chianti;Toscana;FI;13426
48022;Impruneta;Toscana;FI;14497
48024;Lastra a Signa;Toscana;FI;19814
48025;Londa;Toscana;FI;1833
48026;Marradi;Toscana;FI;2954
48027;Montaione;Toscana;FI;3505
48028;Montelupo Fiorentino;Toscana;FI;14269
48030;Montespertoli;Toscana;FI;13242
48031;Palazzuolo sul Senio;Toscana;FI;1111
48032;Pelago;Toscana;FI;7713
48033;Pontassieve;Toscana;FI;20477
48035;Reggello;Toscana;FI;16534
48036;Rignano sull'Arno;Toscana;FI;8615
48037;Rufina;Toscana;FI;7165
48038;San Casciano in Val di Pesa;Toscana;FI;16690
48039;San Godenzo;Toscana;FI;1067
48041;Scandicci;Toscana;FI;50460
48043;Sesto Fiorentino;Toscana;FI;49315
48044;Signa;Toscana;FI;19211
48046;Vaglia;Toscana;FI;5187
48049;Vicchio;Toscana;FI;8056
48050;Vinci;Toscana;FI;14744
48052;Figline e Incisa Valdarno;Toscana;FI;23316
48053;Scarperia e San Piero;Toscana;FI;12071
48054;Barberino Tavarnelle;Toscana;FI;11953
49001;Bibbona;Toscana;LI;3185
49002;Campiglia Marittima;Toscana;LI;12585
49003;Campo nell'Elba;Toscana;LI;4710
49004;Capoliveri;Toscana;LI;3857
49005;Capraia Isola;Toscana;LI;391
49006;Castagneto Carducci;Toscana;LI;8792
49007;Cecina;Toscana;LI;27982
49008;Collesalvetti;Toscana;LI;16381
49009;Livorno;Toscana;LI;155370
49010;Marciana;Toscana;LI;2050
49011;Marciana Marina;Toscana;LI;1894
49012;Piombino;Toscana;LI;32648
49013;Porto Azzurro;Toscana;LI;3704
49014;Portoferraio;Toscana;LI;11914
49017;Rosignano Marittimo;Toscana;LI;30138
49018;San Vincenzo;Toscana;LI;6573
49019;Sassetta;Toscana;LI;489
49020;Suvereto;Toscana;LI;2985
49021;Rio;Toscana;LI;3348
50001;Bientina;Toscana;PI;8544
50002;Buti;Toscana;PI;5538
50003;Calci;Toscana;PI;6372
50004;Calcinaia;Toscana;PI;12700
50005;Capannoli;Toscana;PI;6363
50006;Casale Marittimo;Toscana;PI;1053
50008;Cascina;Toscana;PI;45005
50009;Castelfranco di Sotto;Toscana;PI;13419
50010;Castellina Marittima;Toscana;PI;1877
50011;Castelnuovo di Val di Cecina;Toscana;PI;2121
50012;Chianni;Toscana;PI;1318
50014;Fauglia;Toscana;PI;3647
50015;Guardistallo;Toscana;PI;1168
50016;Lajatico;Toscana;PI;1272
50019;Montecatini Val di Cecina;Toscana;PI;1683
50020;Montescudaio;Toscana;PI;2134
50021;Monteverdi Marittimo;Toscana;PI;747
50022;Montopoli in Val d'Arno;Toscana;PI;11060
50023;Orciano Pisano;Toscana;PI;629
50024;Palaia;Toscana;PI;4519
50025;Peccioli;Toscana;PI;4649
50026;Pisa;Toscana;PI;89969
50027;Pomarance;Toscana;PI;5473
50028;Ponsacco;Toscana;PI;15466
50029;Pontedera;Toscana;PI;29270
50030;Riparbella;Toscana;PI;1554
50031;San Giuliano Terme;Toscana;PI;30915
50032;San Miniato;Toscana;PI;27785
50033;Santa Croce sull'Arno;Toscana;PI;14549
50034;Santa Luce;Toscana;PI;1607
50035;Santa Maria a Monte;Toscana;PI;13307
50036;Terricciola;Toscana;PI;4439
50037;Vecchiano;Toscana;PI;11933
50038;Vicopisano;Toscana;PI;8541
50039;Volterra;Toscana;PI;9830
50040;Casciana Terme Lari;Toscana;PI;12134
50041;Crespina Lorenzana;Toscana;PI;5393
51001;Anghiari;Toscana;AR;5428
51002;Arezzo;Toscana;AR;97373
51003;Badia Tedalda;Toscana;AR;996
51004;Bibbiena;Toscana;AR;11846
51005;Bucine;Toscana;AR;9947
51006;Capolona;Toscana;AR;5211
51007;Caprese Michelangelo;Toscana;AR;1361
51008;Castel Focognano;Toscana;AR;2987
51010;Castel San Niccolò;Toscana;AR;2544
51011;Castiglion Fibocchi;Toscana;AR;2086
51012;Castiglion Fiorentino;Toscana;AR;13012
51013;Cavriglia;Toscana;AR;9447
51014;Chitignano;Toscana;AR;880
51015;Chiusi della Verna;Toscana;AR;1894
51016;Civitella in Val di Chiana;Toscana;AR;8808
51017;Cortona;Toscana;AR;21413
51018;Foiano della Chiana;Toscana;AR;9224
51020;Loro Ciuffenna;Toscana;AR;5837
51021;Lucignano;Toscana;AR;3458
51022;Marciano della Chiana;Toscana;AR;3433
51023;Montemignaio;Toscana;AR;521
51024;Monterchi;Toscana;AR;1718
51025;Monte San Savino;Toscana;AR;8626
51026;Montevarchi;Toscana;AR;24161
51027;Ortignano Raggiolo;Toscana;AR;845
51030;Pieve Santo Stefano;Toscana;AR;3015
51031;Poppi;Toscana;AR;5957
51033;San Giovanni Valdarno;Toscana;AR;16637
51034;Sansepolcro;Toscana;AR;15444
51035;Sestino;Toscana;AR;1227
51037;Subbiano;Toscana;AR;6297
51038;Talla;Toscana;AR;980
51039;Terranuova Bracciolini;Toscana;AR;12105
51040;Castelfranco Piandiscò;Toscana;AR;9812
51041;Pratovecchio Stia;Toscana;AR;5469
51042;Laterina Pergine Valdarno;Toscana;AR;6502
52001;Abbadia San Salvatore;Toscana;SI;6121
52002;Asciano;Toscana;SI;6933
52003;Buonconvento;Toscana;SI;3058
52004;Casole d'Elsa;Toscana;SI;3720
52005;Castellina in Chianti;Toscana;SI;2733
52006;Castelnuovo Berardenga;Toscana;SI;8960
52007;Castiglione d'Orcia;Toscana;SI;2157
52008;Cetona;Toscana;SI;2516
52009;Chianciano Terme;Toscana;SI;6813
52010;Chiusdino;Toscana;SI;1801
52011;Chiusi;Toscana;SI;8124
52012;Colle di Val d'Elsa;Toscana;SI;21752
52013;Gaiole in Chianti;Toscana;SI;2638
52015;Montepulciano;Toscana;SI;13484
52016;Monteriggioni;Toscana;SI;10011
52017;Monteroni d'Arbia;Toscana;SI;9040
52018;Monticiano;Toscana;SI;1535
52019;Murlo;Toscana;SI;2417
52020;Piancastagnaio;Toscana;SI;4016
52021;Pienza;Toscana;SI;2022
52022;Poggibonsi;Toscana;SI;28781
52023;Radda in Chianti;Toscana;SI;1505
52024;Radicofani;Toscana;SI;1071
52025;Radicondoli;Toscana;SI;919
52026;Rapolano Terme;Toscana;SI;5174
52027;San Casciano dei Bagni;Toscana;SI;1546
52028;San Gimignano;Toscana;SI;7574
52030;San Quirico d'Orcia;Toscana;SI;2636
52031;Sarteano;Toscana;SI;4528
52032;Siena;Toscana;SI;54123
52033;Sinalunga;Toscana;SI;12195
52034;Sovicille;Toscana;SI;9944
52035;Torrita di Siena;Toscana;SI;7078
52036;Trequanda;Toscana;SI;1203
52037;Montalcino;Toscana;SI;5673
53001;Arcidosso;Toscana;GR;4302
53002;Campagnatico;Toscana;GR;2378
53003;Capalbio;Toscana;GR;3914
53004;Castel del Piano;Toscana;GR;4813
53005;Castell'Azzara;Toscana;GR;1350
53006;Castiglione della Pescaia;Toscana;GR;7134
53007;Cinigiano;Toscana;GR;2414
53008;Civitella Paganico;Toscana;GR;3020
53009;Follonica;Toscana;GR;20648
53010;Gavorrano;Toscana;GR;8264
53011;Grosseto;Toscana;GR;81643
53012;Isola del Giglio;Toscana;GR;1345
53013;Magliano in Toscana;Toscana;GR;3373
53014;Manciano;Toscana;GR;7105
53015;Massa Marittima;Toscana;GR;8169
53016;Monte Argentario;Toscana;GR;12064
53017;Montieri;Toscana;GR;1148
53018;Orbetello;Toscana;GR;14450
53019;Pitigliano;Toscana;GR;3641
53020;Roccalbegna;Toscana;GR;947
53021;Roccastrada;Toscana;GR;8756
53022;Santa Fiora;Toscana;GR;2490
53023;Scansano;Toscana;GR;4268
53024;Scarlino;Toscana;GR;3829
53025;Seggiano;Toscana;GR;1006
53026;Sorano;Toscana;GR;3118
53027;Monterotondo Marittimo;Toscana;GR;1269
53028;Semproniano;Toscana;GR;988
54001;Assisi;Umbria;PG;28004
54002;Bastia Umbra;Umbria;PG;21379
54003;Bettona;Umbria;PG;4297
54004;Bevagna;Umbria;PG;4833
54005;Campello sul Clitunno;Umbria;PG;2361
54006;Cannara;Umbria;PG;4256
54007;Cascia;Umbria;PG;2977
54008;Castel Ritaldi;Umbria;PG;3072
54009;Castiglione del Lago;Umbria;PG;15160
54010;Cerreto di Spoleto;Umbria;PG;1014
54011;Citerna;Umbria;PG;3419
54012;Città della Pieve;Umbria;PG;7571
54013;Città di Castello;Umbria;PG;38657
54014;Collazzone;Umbria;PG;3400
54015;Corciano;Umbria;PG;21391
54016;Costacciaro;Umbria;PG;1119
54017;Deruta;Umbria;PG;9478
54018;Foligno;Umbria;PG;55831
54019;Fossato di Vico;Umbria;PG;2650
54020;Fratta Todina;Umbria;PG;1823
54021;Giano dell'Umbria;Umbria;PG;3756
54022;Gualdo Cattaneo;Umbria;PG;5759
54023;Gualdo Tadino;Umbria;PG;14408
54024;Gubbio;Umbria;PG;30923
54025;Lisciano Niccone;Umbria;PG;590
54026;Magione;Umbria;PG;14612
54027;Marsciano;Umbria;PG;18201
54028;Massa Martana;Umbria;PG;3642
54029;Monte Castello di Vibio;Umbria;PG;1455
54030;Montefalco;Umbria;PG;5461
54031;Monteleone di Spoleto;Umbria;PG;574
54032;Monte Santa Maria Tiberina;Umbria;PG;1120
54033;Montone;Umbria;PG;1603
54034;Nocera Umbra;Umbria;PG;5601
54035;Norcia;Umbria;PG;4617
54036;Paciano;Umbria;PG;950
54037;Panicale;Umbria;PG;5421
54038;Passignano sul Trasimeno;Umbria;PG;5651
54039;Perugia;Umbria;PG;164721
54040;Piegaro;Umbria;PG;3419
54041;Pietralunga;Umbria;PG;1995
54042;Poggiodomo;Umbria;PG;94
54043;Preci;Umbria;PG;700
54044;San Giustino;Umbria;PG;10975
54045;Sant'Anatolia di Narco;Umbria;PG;526
54046;Scheggia e Pascelupo;Umbria;PG;1315
54047;Scheggino;Umbria;PG;463
54048;Sellano;Umbria;PG;1003
54049;Sigillo;Umbria;PG;2319
54050;Spello;Umbria;PG;8371
54051;Spoleto;Umbria;PG;36914
54052;Todi;Umbria;PG;15877
54053;Torgiano;Umbria;PG;6644
54054;Trevi;Umbria;PG;8130
54055;Tuoro sul Trasimeno;Umbria;PG;3738
54056;Umbertide;Umbria;PG;16367
54057;Valfabbrica;Umbria;PG;3253
54058;Vallo di Nera;Umbria;PG;350
54059;Valtopina;Umbria;PG;1296
55001;Acquasparta;Umbria;TR;4456
55002;Allerona;Umbria;TR;1686
55003;Alviano;Umbria;TR;1403
55004;Amelia;Umbria;TR;11682
55005;Arrone;Umbria;TR;2558
55006;Attigliano;Umbria;TR;1950
55007;Baschi;Umbria;TR;2657
55008;Calvi dell'Umbria;Umbria;TR;1693
55009;Castel Giorgio;Umbria;TR;2037
55010;Castel Viscardo;Umbria;TR;2758
55011;Fabro;Umbria;TR;2648
55012;Ferentillo;Umbria;TR;1820
55013;Ficulle;Umbria;TR;1583
55014;Giove;Umbria;TR;1857
55015;Guardea;Umbria;TR;1749
55016;Lugnano in Teverina;Umbria;TR;1429
55017;Montecastrilli;Umbria;TR;4821
55018;Montecchio;Umbria;TR;1592
55019;Montefranco;Umbria;TR;1256
55020;Montegabbione;Umbria;TR;1118
55021;Monteleone d'Orvieto;Umbria;TR;1376
55022;Narni;Umbria;TR;18405
55023;Orvieto;Umbria;TR;19931
55024;Otricoli;Umbria;TR;1735
55025;Parrano;Umbria;TR;498
55026;Penna in Teverina;Umbria;TR;1051
55027;Polino;Umbria;TR;219
55028;Porano;Umbria;TR;1913
55029;San Gemini;Umbria;TR;4836
55030;San Venanzo;Umbria;TR;2157
55031;Stroncone;Umbria;TR;4685
55032;Terni;Umbria;TR;107982
55033;Avigliano Umbro;Umbria;TR;2405
56001;Acquapendente;Lazio;VT;5346
56002;Arlena di Castro;Lazio;VT;830
56003;Bagnoregio;Lazio;VT;3501
56004;Barbarano Romano;Lazio;VT;1004
56005;Bassano Romano;Lazio;VT;4578
56006;Bassano in Teverina;Lazio;VT;1251
56007;Blera;Lazio;VT;3035
56008;Bolsena;Lazio;VT;3757
56009;Bomarzo;Lazio;VT;1684
56010;Calcata;Lazio;VT;894
56011;Canepina;Lazio;VT;2945
56012;Canino;Lazio;VT;5122
56013;Capodimonte;Lazio;VT;1647
56014;Capranica;Lazio;VT;6357
56015;Caprarola;Lazio;VT;5265
56016;Carbognano;Lazio;VT;1932
56017;Castel Sant'Elia;Lazio;VT;2477
56018;Castiglione in Teverina;Lazio;VT;2280
56019;Celleno;Lazio;VT;1304
56020;Cellere;Lazio;VT;1076
56021;Civita Castellana;Lazio;VT;15455
56022;Civitella d'Agliano;Lazio;VT;1500
56023;Corchiano;Lazio;VT;3574
56024;Fabrica di Roma;Lazio;VT;8094
56025;Faleria;Lazio;VT;1984
56026;Farnese;Lazio;VT;1385
56027;Gallese;Lazio;VT;2649
56028;Gradoli;Lazio;VT;1276
56029;Graffignano;Lazio;VT;2151
56030;Grotte di Castro;Lazio;VT;2450
56031;Ischia di Castro;Lazio;VT;2205
56032;Latera;Lazio;VT;775
56033;Lubriano;Lazio;VT;890
56034;Marta;Lazio;VT;3283
56035;Montalto di Castro;Lazio;VT;8770
56036;Montefiascone;Lazio;VT;13005
56037;Monte Romano;Lazio;VT;1914
56038;Monterosi;Lazio;VT;4729
56039;Nepi;Lazio;VT;9185
56040;Onano;Lazio;VT;944
56041;Oriolo Romano;Lazio;VT;3708
56042;Orte;Lazio;VT;9081
56043;Piansano;Lazio;VT;1922
56044;Proceno;Lazio;VT;522
56045;Ronciglione;Lazio;VT;8343
56046;Villa San Giovanni in Tuscia;Lazio;VT;1213
56047;San Lorenzo Nuovo;Lazio;VT;1995
56048;Soriano nel Cimino;Lazio;VT;7992
56049;Sutri;Lazio;VT;6539
56050;Tarquinia;Lazio;VT;16153
56051;Tessennano;Lazio;VT;296
56052;Tuscania;Lazio;VT;8168
56053;Valentano;Lazio;VT;2722
56054;Vallerano;Lazio;VT;2445
56055;Vasanello;Lazio;VT;3953
56056;Vejano;Lazio;VT;2157
56057;Vetralla;Lazio;VT;13446
56058;Vignanello;Lazio;VT;4325
56059;Viterbo;Lazio;VT;66113
56060;Vitorchiano;Lazio;VT;5234
57001;Accumoli;Lazio;RI;555
57002;Amatrice;Lazio;RI;2320
57003;Antrodoco;Lazio;RI;2371
57004;Ascrea;Lazio;RI;213
57005;Belmonte in Sabina;Lazio;RI;637
57006;Borbona;Lazio;RI;589
57007;Borgorose;Lazio;RI;4260
57008;Borgo Velino;Lazio;RI;934
57009;Cantalice;Lazio;RI;2481
57010;Cantalupo in Sabina;Lazio;RI;1634
57011;Casaprota;Lazio;RI;699
57012;Casperia;Lazio;RI;1210
57013;Castel di Tora;Lazio;RI;267
57014;Castelnuovo di Farfa;Lazio;RI;994
57015;Castel Sant'Angelo;Lazio;RI;1209
57016;Cittaducale;Lazio;RI;6503
57017;Cittareale;Lazio;RI;415
57018;Collalto Sabino;Lazio;RI;395
57019;Colle di Tora;Lazio;RI;359
57020;Collegiove;Lazio;RI;135
57021;Collevecchio;Lazio;RI;1507
57022;Colli sul Velino;Lazio;RI;465
57023;Concerviano;Lazio;RI;282
57024;Configni;Lazio;RI;583
57025;Contigliano;Lazio;RI;3772
57026;Cottanello;Lazio;RI;531
57027;Fara in Sabina;Lazio;RI;13738
57028;Fiamignano;Lazio;RI;1215
57029;Forano;Lazio;RI;3024
57030;Frasso Sabino;Lazio;RI;727
57031;Greccio;Lazio;RI;1492
57032;Labro;Lazio;RI;375
57033;Leonessa;Lazio;RI;2141
57034;Longone Sabino;Lazio;RI;553
57035;Magliano Sabina;Lazio;RI;3527
57036;Marcetelli;Lazio;RI;76
57037;Micigliano;Lazio;RI;114
57038;Mompeo;Lazio;RI;494
57039;Montasola;Lazio;RI;382
57040;Montebuono;Lazio;RI;872
57041;Monteleone Sabino;Lazio;RI;1184
57042;Montenero Sabino;Lazio;RI;278
57043;Monte San Giovanni in Sabina;Lazio;RI;648
57044;Montopoli di Sabina;Lazio;RI;4081
57045;Morro Reatino;Lazio;RI;344
57046;Nespolo;Lazio;RI;191
57047;Orvinio;Lazio;RI;390
57048;Paganico Sabino;Lazio;RI;155
57049;Pescorocchiano;Lazio;RI;1925
57050;Petrella Salto;Lazio;RI;1055
57051;Poggio Bustone;Lazio;RI;1986
57052;Poggio Catino;Lazio;RI;1240
57053;Poggio Mirteto;Lazio;RI;6152
57054;Poggio Moiano;Lazio;RI;2763
57055;Poggio Nativo;Lazio;RI;2513
57056;Poggio San Lorenzo;Lazio;RI;522
57057;Posta;Lazio;RI;589
57058;Pozzaglia Sabina;Lazio;RI;315
57059;Rieti;Lazio;RI;45907
57060;Rivodutri;Lazio;RI;1138
57061;Roccantica;Lazio;RI;552
57062;Rocca Sinibalda;Lazio;RI;783
57063;Salisano;Lazio;RI;514
57064;Scandriglia;Lazio;RI;3138
57065;Selci;Lazio;RI;1081
57066;Stimigliano;Lazio;RI;2211
57067;Tarano;Lazio;RI;1382
57068;Toffia;Lazio;RI;1057
57069;Torricella in Sabina;Lazio;RI;1364
57070;Torri in Sabina;Lazio;RI;1196
57071;Turania;Lazio;RI;228
57072;Vacone;Lazio;RI;226
57073;Varco Sabino;Lazio;RI;177
58001;Affile;Lazio;RM;1439
58002;Agosta;Lazio;RM;1703
58003;Albano Laziale;Lazio;RM;39672
58004;Allumiere;Lazio;RM;3831
58005;Anguillara Sabazia;Lazio;RM;19018
58006;Anticoli Corrado;Lazio;RM;825
58007;Anzio;Lazio;RM;57838
58008;Arcinazzo Romano;Lazio;RM;1262
58009;Ariccia;Lazio;RM;18307
58010;Arsoli;Lazio;RM;1402
58011;Artena;Lazio;RM;13664
58012;Bellegra;Lazio;RM;2727
58013;Bracciano;Lazio;RM;18560
58014;Camerata Nuova;Lazio;RM;403
58015;Campagnano di Roma;Lazio;RM;10990
58016;Canale Monterano;Lazio;RM;4128
58017;Canterano;Lazio;RM;349
58018;Capena;Lazio;RM;10695
58019;Capranica Prenestina;Lazio;RM;316
58020;Carpineto Romano;Lazio;RM;4141
58021;Casape;Lazio;RM;662
58022;Castel Gandolfo;Lazio;RM;8585
58023;Castel Madama;Lazio;RM;7133
58024;Castelnuovo di Porto;Lazio;RM;8423
58025;Castel San Pietro Romano;Lazio;RM;839
58026;Cave;Lazio;RM;10728
58027;Cerreto Laziale;Lazio;RM;1080
58028;Cervara di Roma;Lazio;RM;442
58029;Cerveteri;Lazio;RM;37504
58030;Ciciliano;Lazio;RM;1259
58031;Cineto Romano;Lazio;RM;584
58032;Civitavecchia;Lazio;RM;52069
58033;Civitella San Paolo;Lazio;RM;1993
58034;Colleferro;Lazio;RM;20698
58035;Colonna;Lazio;RM;4224
58036;Fiano Romano;Lazio;RM;15722
58037;Filacciano;Lazio;RM;457
58038;Formello;Lazio;RM;13249
58039;Frascati;Lazio;RM;22624
58040;Gallicano nel Lazio;Lazio;RM;6408
58041;Gavignano;Lazio;RM;1920
58042;Genazzano;Lazio;RM;5724
58043;Genzano di Roma;Lazio;RM;23221
58044;Gerano;Lazio;RM;1163
58045;Gorga;Lazio;RM;698
58046;Grottaferrata;Lazio;RM;20337
58047;Guidonia Montecelio;Lazio;RM;87875
58048;Jenne;Lazio;RM;355
58049;Labico;Lazio;RM;6333
58050;Lanuvio;Lazio;RM;12851
58051;Licenza;Lazio;RM;880
58052;Magliano Romano;Lazio;RM;1423
58053;Mandela;Lazio;RM;921
58054;Manziana;Lazio;RM;7655
58055;Marano Equo;Lazio;RM;792
58056;Marcellina;Lazio;RM;7095
58057;Marino;Lazio;RM;45321
58058;Mazzano Romano;Lazio;RM;2995
58059;Mentana;Lazio;RM;22612
58060;Monte Compatri;Lazio;RM;11844
58061;Monteflavio;Lazio;RM;1214
58062;Montelanico;Lazio;RM;2062
58063;Montelibretti;Lazio;RM;5107
58064;Monte Porzio Catone;Lazio;RM;8557
58065;Monterotondo;Lazio;RM;41258
58066;Montorio Romano;Lazio;RM;1992
58067;Moricone;Lazio;RM;2480
58068;Morlupo;Lazio;RM;8424
58069;Nazzano;Lazio;RM;1339
58070;Nemi;Lazio;RM;1872
58071;Nerola;Lazio;RM;1900
58072;Nettuno;Lazio;RM;48500
58073;Olevano Romano;Lazio;RM;6455
58074;Palestrina;Lazio;RM;21921
58075;Palombara Sabina;Lazio;RM;12835
58076;Percile;Lazio;RM;217
58077;Pisoniano;Lazio;RM;739
58078;Poli;Lazio;RM;2275
58079;Pomezia;Lazio;RM;63767
58080;Ponzano Romano;Lazio;RM;1117
58081;Riano;Lazio;RM;10274
58082;Rignano Flaminio;Lazio;RM;10005
58083;Riofreddo;Lazio;RM;733
58084;Rocca Canterano;Lazio;RM;184
58085;Rocca di Cave;Lazio;RM;355
58086;Rocca di Papa;Lazio;RM;16999
58087;Roccagiovine;Lazio;RM;251
58088;Rocca Priora;Lazio;RM;11978
58089;Rocca Santo Stefano;Lazio;RM;951
58090;Roiate;Lazio;RM;663
58091;Roma;Lazio;RM;2770226
58092;Roviano;Lazio;RM;1258
58093;Sacrofano;Lazio;RM;7231
58094;Sambuci;Lazio;RM;851
58095;San Gregorio da Sassola;Lazio;RM;1454
58096;San Polo dei Cavalieri;Lazio;RM;2762
58097;Santa Marinella;Lazio;RM;18516
58098;Sant'Angelo Romano;Lazio;RM;4833
58099;Sant'Oreste;Lazio;RM;3504
58100;San Vito Romano;Lazio;RM;3125
58101;Saracinesco;Lazio;RM;171
58102;Segni;Lazio;RM;8985
58103;Subiaco;Lazio;RM;8515
58104;Tivoli;Lazio;RM;55150
58105;Tolfa;Lazio;RM;4828
58106;Torrita Tiberina;Lazio;RM;1047
58107;Trevignano Romano;Lazio;RM;5696
58108;Vallepietra;Lazio;RM;251
58109;Vallinfreda;Lazio;RM;290
58110;Valmontone;Lazio;RM;15662
58111;Velletri;Lazio;RM;52312
58112;Vicovaro;Lazio;RM;3676
58113;Vivaro Romano;Lazio;RM;165
58114;Zagarolo;Lazio;RM;18010
58115;Lariano;Lazio;RM;13191
58116;Ladispoli;Lazio;RM;40160
58117;Ardea;Lazio;RM;48667
58118;Ciampino;Lazio;RM;38675
58119;San Cesareo;Lazio;RM;15714
58120;Fiumicino;Lazio;RM;79995
58122;Fonte Nuova;Lazio;RM;32139
59001;Aprilia;Lazio;LT;73429
59002;Bassiano;Lazio;LT;1439
59003;Campodimele;Lazio;LT;587
59004;Castelforte;Lazio;LT;4172
59005;Cisterna di Latina;Lazio;LT;36481
59006;Cori;Lazio;LT;10482
59007;Fondi;Lazio;LT;39237
59008;Formia;Lazio;LT;37341
59009;Gaeta;Lazio;LT;19755
59010;Itri;Lazio;LT;10344
59011;Latina;Lazio;LT;127560
59012;Lenola;Lazio;LT;4075
59013;Maenza;Lazio;LT;2996
59014;Minturno;Lazio;LT;19971
59015;Monte San Biagio;Lazio;LT;6159
59016;Norma;Lazio;LT;3708
59017;Pontinia;Lazio;LT;14849
59018;Ponza;Lazio;LT;3301
59019;Priverno;Lazio;LT;13763
59020;Prossedi;Lazio;LT;1167
59021;Roccagorga;Lazio;LT;4199
59022;Rocca Massima;Lazio;LT;1088
59023;Roccasecca dei Volsci;Lazio;LT;1057
59024;Sabaudia;Lazio;LT;19938
59025;San Felice Circeo;Lazio;LT;10129
59026;Santi Cosma e Damiano;Lazio;LT;6813
59027;Sermoneta;Lazio;LT;9977
59028;Sezze;Lazio;LT;23576
59029;Sonnino;Lazio;LT;7433
59030;Sperlonga;Lazio;LT;3116
59031;Spigno Saturnia;Lazio;LT;2851
59032;Terracina;Lazio;LT;44495
59033;Ventotene;Lazio;LT;736
60001;Acquafondata;Lazio;FR;280
60002;Acuto;Lazio;FR;1883
60003;Alatri;Lazio;FR;27768
60004;Alvito;Lazio;FR;2526
60005;Amaseno;Lazio;FR;4102
60006;Anagni;Lazio;FR;20853
60007;Aquino;Lazio;FR;4992
60008;Arce;Lazio;FR;5403
60009;Arnara;Lazio;FR;2222
60010;Arpino;Lazio;FR;6898
60011;Atina;Lazio;FR;4139
60012;Ausonia;Lazio;FR;2441
60013;Belmonte Castello;Lazio;FR;692
60014;Boville Ernica;Lazio;FR;8425
60015;Broccostella;Lazio;FR;2688
60016;Campoli Appennino;Lazio;FR;1596
60017;Casalattico;Lazio;FR;535
60018;Casalvieri;Lazio;FR;2383
60019;Cassino;Lazio;FR;35418
60020;Castelliri;Lazio;FR;3256
60021;Castelnuovo Parano;Lazio;FR;875
60022;Castrocielo;Lazio;FR;3841
60023;Castro dei Volsci;Lazio;FR;4483
60024;Ceccano;Lazio;FR;22610
60025;Ceprano;Lazio;FR;8408
60026;Cervaro;Lazio;FR;7794
60027;Colfelice;Lazio;FR;1822
60028;Collepardo;Lazio;FR;903
60029;Colle San Magno;Lazio;FR;650
60030;Coreno Ausonio;Lazio;FR;1531
60031;Esperia;Lazio;FR;3649
60032;Falvaterra;Lazio;FR;540
60033;Ferentino;Lazio;FR;20247
60034;Filettino;Lazio;FR;507
60035;Fiuggi;Lazio;FR;10119
60036;Fontana Liri;Lazio;FR;2757
60037;Fontechiari;Lazio;FR;1246
60038;Frosinone;Lazio;FR;44491
60039;Fumone;Lazio;FR;2002
60040;Gallinaro;Lazio;FR;1192
60041;Giuliano di Roma;Lazio;FR;2358
60042;Guarcino;Lazio;FR;1520
60043;Isola del Liri;Lazio;FR;10945
60044;Monte San Giovanni Campano;Lazio;FR;12228
60045;Morolo;Lazio;FR;3172
60046;Paliano;Lazio;FR;7975
60047;Pastena;Lazio;FR;1265
60048;Patrica;Lazio;FR;3090
60049;Pescosolido;Lazio;FR;1445
60050;Picinisco;Lazio;FR;1096
60051;Pico;Lazio;FR;2683
60052;Piedimonte San Germano;Lazio;FR;6336
60053;Piglio;Lazio;FR;4386
60054;Pignataro Interamna;Lazio;FR;2403
60055;Pofi;Lazio;FR;3951
60056;Pontecorvo;Lazio;FR;12470
60057;Posta Fibreno;Lazio;FR;1077
60058;Ripi;Lazio;FR;5093
60059;Rocca d'Arce;Lazio;FR;921
60060;Roccasecca;Lazio;FR;7016
60061;San Biagio Saracinisco;Lazio;FR;308
60062;San Donato Val di Comino;Lazio;FR;1886
60063;San Giorgio a Liri;Lazio;FR;3005
60064;San Giovanni Incarico;Lazio;FR;3146
60065;Sant'Ambrogio sul Garigliano;Lazio;FR;906
60066;Sant'Andrea del Garigliano;Lazio;FR;1303
60067;Sant'Apollinare;Lazio;FR;1834
60068;Sant'Elia Fiumerapido;Lazio;FR;5733
60069;Santopadre;Lazio;FR;1225
60070;San Vittore del Lazio;Lazio;FR;2505
60071;Serrone;Lazio;FR;2982
60072;Settefrati;Lazio;FR;711
60073;Sgurgola;Lazio;FR;2411
60074;Sora;Lazio;FR;25133
60075;Strangolagalli;Lazio;FR;2316
60076;Supino;Lazio;FR;4678
60077;Terelle;Lazio;FR;311
60078;Torre Cajetani;Lazio;FR;1310
60079;Torrice;Lazio;FR;4772
60080;Trevi nel Lazio;Lazio;FR;1741
60081;Trivigliano;Lazio;FR;1619
60082;Vallecorsa;Lazio;FR;2454
60083;Vallemaio;Lazio;FR;902
60084;Vallerotonda;Lazio;FR;1405
60085;Veroli;Lazio;FR;19868
60086;Vicalvi;Lazio;FR;743
60087;Vico nel Lazio;Lazio;FR;2110
60088;Villa Latina;Lazio;FR;1146
60089;Villa Santa Lucia;Lazio;FR;2547
60090;Villa Santo Stefano;Lazio;FR;1649
60091;Viticuso;Lazio;FR;303
61001;Ailano;Campania;CE;1252
61002;Alife;Campania;CE;7337
61003;Alvignano;Campania;CE;4576
61004;Arienzo;Campania;CE;5265
61005;Aversa;Campania;CE;50640
61006;Baia e Latina;Campania;CE;2021
61007;Bellona;Campania;CE;5958
61008;Caianello;Campania;CE;1754
61009;Caiazzo;Campania;CE;5210
61010;Calvi Risorta;Campania;CE;5524
61011;Camigliano;Campania;CE;1975
61012;Cancello ed Arnone;Campania;CE;5443
61013;Capodrise;Campania;CE;10033
61014;Capriati a Volturno;Campania;CE;1482
61015;Capua;Campania;CE;17657
61016;Carinaro;Campania;CE;7126
61017;Carinola;Campania;CE;7318
61018;Casagiove;Campania;CE;12983
61019;Casal di Principe;Campania;CE;21077
61020;Casaluce;Campania;CE;9442
61021;Casapulla;Campania;CE;8317
61022;Caserta;Campania;CE;72813
61023;Castel Campagnano;Campania;CE;1478
61024;Castel di Sasso;Campania;CE;1064
61025;Castello del Matese;Campania;CE;1403
61026;Castel Morrone;Campania;CE;3644
61027;Castel Volturno;Campania;CE;26737
61028;Cervino;Campania;CE;4818
61029;Cesa;Campania;CE;9310
61030;Ciorlano;Campania;CE;382
61031;Conca della Campania;Campania;CE;1177
61032;Curti;Campania;CE;6766
61033;Dragoni;Campania;CE;1998
61034;Fontegreca;Campania;CE;767
61035;Formicola;Campania;CE;1356
61036;Francolise;Campania;CE;4635
61037;Frignano;Campania;CE;9034
61038;Gallo Matese;Campania;CE;522
61039;Galluccio;Campania;CE;2016
61040;Giano Vetusto;Campania;CE;666
61041;Gioia Sannitica;Campania;CE;3316
61042;Grazzanise;Campania;CE;6785
61043;Gricignano di Aversa;Campania;CE;12589
61044;Letino;Campania;CE;646
61045;Liberi;Campania;CE;1061
61046;Lusciano;Campania;CE;15579
61047;Macerata Campania;Campania;CE;10026
61048;Maddaloni;Campania;CE;37221
61049;Marcianise;Campania;CE;38740
61050;Marzano Appio;Campania;CE;2032
61051;Mignano Monte Lungo;Campania;CE;2981
61052;Mondragone;Campania;CE;28915
61053;Orta di Atella;Campania;CE;26950
61054;Parete;Campania;CE;11875
61055;Pastorano;Campania;CE;2949
61056;Piana di Monte Verna;Campania;CE;2160
61057;Piedimonte Matese;Campania;CE;10373
61058;Pietramelara;Campania;CE;4478
61059;Pietravairano;Campania;CE;2800
61060;Pignataro Maggiore;Campania;CE;5785
61061;Pontelatone;Campania;CE;1569
61062;Portico di Caserta;Campania;CE;7750
61063;Prata Sannita;Campania;CE;1382
61064;Pratella;Campania;CE;1469
61065;Presenzano;Campania;CE;1687
61066;Raviscanina;Campania;CE;1194
61067;Recale;Campania;CE;7657
61068;Riardo;Campania;CE;2232
61069;Rocca D'Evandro;Campania;CE;3032
61070;Roccamonfina;Campania;CE;3230
61071;Roccaromana;Campania;CE;841
61072;Rocchetta e Croce;Campania;CE;450
61073;Ruviano;Campania;CE;1733
61074;San Cipriano d'Aversa;Campania;CE;13196
61075;San Felice a Cancello;Campania;CE;16884
61076;San Gregorio Matese;Campania;CE;890
61077;San Marcellino;Campania;CE;14274
61078;San Nicola la Strada;Campania;CE;22160
61079;San Pietro Infine;Campania;CE;887
61080;San Potito Sannitico;Campania;CE;1918
61081;San Prisco;Campania;CE;12043
61082;Santa Maria a Vico;Campania;CE;14074
61083;Santa Maria Capua Vetere;Campania;CE;31968
61084;Santa Maria La Fossa;Campania;CE;2553
61085;San Tammaro;Campania;CE;5717
61086;Sant'Angelo d'Alife;Campania;CE;2095
61087;Sant'Arpino;Campania;CE;14869
61088;Sessa Aurunca;Campania;CE;20414
61089;Sparanise;Campania;CE;7182
61090;Succivo;Campania;CE;8575
61091;Teano;Campania;CE;11518
61092;Teverola;Campania;CE;14338
61093;Tora e Piccilli;Campania;CE;821
61094;Trentola Ducenta;Campania;CE;19881
61095;Vairano Patenora;Campania;CE;6365
61096;Valle Agricola;Campania;CE;784
61097;Valle di Maddaloni;Campania;CE;2631
61098;Villa di Briano;Campania;CE;7217
61099;Villa Literno;Campania;CE;11989
61100;Vitulazio;Campania;CE;7568
61101;Falciano del Massico;Campania;CE;3358
61102;Cellole;Campania;CE;7985
61103;Casapesenna;Campania;CE;6816
61104;San Marco Evangelista;Campania;CE;6470
62001;Airola;Campania;BN;8105
62002;Amorosi;Campania;BN;2645
62003;Apice;Campania;BN;5426
62004;Apollosa;Campania;BN;2502
62005;Arpaia;Campania;BN;1994
62006;Arpaise;Campania;BN;734
62007;Baselice;Campania;BN;2135
62008;Benevento;Campania;BN;57500
62009;Bonea;Campania;BN;1349
62010;Bucciano;Campania;BN;2016
62011;Buonalbergo;Campania;BN;1583
62012;Calvi;Campania;BN;2525
62013;Campolattaro;Campania;BN;983
62014;Campoli del Monte Taburno;Campania;BN;1599
62015;Casalduni;Campania;BN;1242
62016;Castelfranco in Miscano;Campania;BN;845
62017;Castelpagano;Campania;BN;1365
62018;Castelpoto;Campania;BN;1150
62019;Castelvenere;Campania;BN;2545
62020;Castelvetere in Val Fortore;Campania;BN;1056
62021;Cautano;Campania;BN;1931
62022;Ceppaloni;Campania;BN;3166
62023;Cerreto Sannita;Campania;BN;3654
62024;Circello;Campania;BN;2189
62025;Colle Sannita;Campania;BN;2213
62026;Cusano Mutri;Campania;BN;3823
62027;Dugenta;Campania;BN;2627
62028;Durazzano;Campania;BN;2103
62029;Faicchio;Campania;BN;3376
62030;Foglianise;Campania;BN;3233
62031;Foiano di Val Fortore;Campania;BN;1357
62032;Forchia;Campania;BN;1197
62033;Fragneto L'Abate;Campania;BN;979
62034;Fragneto Monforte;Campania;BN;1698
62035;Frasso Telesino;Campania;BN;2102
62036;Ginestra degli Schiavoni;Campania;BN;423
62037;Guardia Sanframondi;Campania;BN;4656
62038;Limatola;Campania;BN;4072
62039;Melizzano;Campania;BN;1739
62040;Moiano;Campania;BN;4026
62041;Molinara;Campania;BN;1484
62042;Montefalcone di Val Fortore;Campania;BN;1355
62043;Montesarchio;Campania;BN;13098
62044;Morcone;Campania;BN;4580
62045;Paduli;Campania;BN;3688
62046;Pago Veiano;Campania;BN;2290
62047;Pannarano;Campania;BN;2024
62048;Paolisi;Campania;BN;2013
62049;Paupisi;Campania;BN;1522
62050;Pesco Sannita;Campania;BN;1855
62051;Pietraroja;Campania;BN;507
62052;Pietrelcina;Campania;BN;2902
62053;Ponte;Campania;BN;2466
62054;Pontelandolfo;Campania;BN;2018
62055;Puglianello;Campania;BN;1297
62056;Reino;Campania;BN;1110
62057;San Bartolomeo in Galdo;Campania;BN;4457
62058;San Giorgio del Sannio;Campania;BN;9804
62059;San Giorgio La Molara;Campania;BN;2845
62060;San Leucio del Sannio;Campania;BN;2920
62061;San Lorenzello;Campania;BN;2129
62062;San Lorenzo Maggiore;Campania;BN;1944
62063;San Lupo;Campania;BN;730
62064;San Marco dei Cavoti;Campania;BN;3058
62065;San Martino Sannita;Campania;BN;1163
62066;San Nazzaro;Campania;BN;867
62067;San Nicola Manfredi;Campania;BN;3577
62068;San Salvatore Telesino;Campania;BN;3845
62069;Santa Croce del Sannio;Campania;BN;874
62070;Sant'Agata De' Goti;Campania;BN;10426
62071;Sant'Angelo a Cupolo;Campania;BN;4148
62072;Sassinoro;Campania;BN;642
62073;Solopaca;Campania;BN;3536
62074;Telese Terme;Campania;BN;7665
62075;Tocco Caudio;Campania;BN;1435
62076;Torrecuso;Campania;BN;3307
62077;Vitulano;Campania;BN;2779
62078;Sant'Arcangelo Trimonte;Campania;BN;493
63001;Acerra;Campania;NA;58334
63002;Afragola;Campania;NA;61861
63003;Agerola;Campania;NA;7640
63004;Anacapri;Campania;NA;6940
63005;Arzano;Campania;NA;32750
63006;Bacoli;Campania;NA;25436
63007;Barano d'Ischia;Campania;NA;9845
63008;Boscoreale;Campania;NA;26309
63009;Boscotrecase;Campania;NA;9810
63010;Brusciano;Campania;NA;15715
63011;Caivano;Campania;NA;35908
63012;Calvizzano;Campania;NA;12204
63013;Camposano;Campania;NA;5111
63014;Capri;Campania;NA;6937
63015;Carbonara di Nola;Campania;NA;2464
63016;Cardito;Campania;NA;21598
63017;Casalnuovo di Napoli;Campania;NA;47489
63018;Casamarciano;Campania;NA;3112
63019;Casamicciola Terme;Campania;NA;7802
63020;Casandrino;Campania;NA;13397
63021;Casavatore;Campania;NA;18146
63022;Casola di Napoli;Campania;NA;3723
63023;Casoria;Campania;NA;74115
63024;Castellammare di Stabia;Campania;NA;63694
63025;Castello di Cisterna;Campania;NA;7756
63026;Cercola;Campania;NA;17076
63027;Cicciano;Campania;NA;12334
63028;Cimitile;Campania;NA;6970
63029;Comiziano;Campania;NA;1692
63030;Crispano;Campania;NA;11705
63031;Forio;Campania;NA;17410
63032;Frattamaggiore;Campania;NA;28828
63033;Frattaminore;Campania;NA;15461
63034;Giugliano in Campania;Campania;NA;122364
63035;Gragnano;Campania;NA;28293
63036;Grumo Nevano;Campania;NA;17274
63037;Ischia;Campania;NA;19602
63038;Lacco Ameno;Campania;NA;4641
63039;Lettere;Campania;NA;6055
63040;Liveri;Campania;NA;1516
63041;Marano di Napoli;Campania;NA;57700
63042;Mariglianella;Campania;NA;7738
63043;Marigliano;Campania;NA;29182
63044;Massa Lubrense;Campania;NA;14022
63045;Melito di Napoli;Campania;NA;36216
63046;Meta;Campania;NA;7830
63047;Monte di Procida;Campania;NA;11952
63048;Mugnano di Napoli;Campania;NA;34388
63049;Napoli;Campania;NA;922094
63050;Nola;Campania;NA;33718
63051;Ottaviano;Campania;NA;22981
63052;Palma Campania;Campania;NA;16618
63053;Piano di Sorrento;Campania;NA;12549
63054;Pimonte;Campania;NA;5836
63055;Poggiomarino;Campania;NA;21955
63056;Pollena Trocchia;Campania;NA;12968
63057;Pomigliano d'Arco;Campania;NA;39673
63058;Pompei;Campania;NA;24233
63059;Portici;Campania;NA;52721
63060;Pozzuoli;Campania;NA;77090
63061;Procida;Campania;NA;10183
63062;Qualiano;Campania;NA;24804
63063;Quarto;Campania;NA;40819
63064;Ercolano;Campania;NA;50617
63065;Roccarainola;Campania;NA;6601
63066;San Gennaro Vesuviano;Campania;NA;12183
63067;San Giorgio a Cremano;Campania;NA;43230
63068;San Giuseppe Vesuviano;Campania;NA;30147
63069;San Paolo Bel Sito;Campania;NA;3367
63070;San Sebastiano al Vesuvio;Campania;NA;8738
63071;Sant'Agnello;Campania;NA;8685
63072;Sant'Anastasia;Campania;NA;26411
63073;Sant'Antimo;Campania;NA;32446
63074;Sant'Antonio Abate;Campania;NA;19247
63075;San Vitaliano;Campania;NA;6371
63076;Saviano;Campania;NA;15949
63077;Scisciano;Campania;NA;6071
63078;Serrara Fontana;Campania;NA;3023
63079;Somma Vesuviana;Campania;NA;33881
63080;Sorrento;Campania;NA;15809
63081;Striano;Campania;NA;8660
63082;Terzigno;Campania;NA;17482
63083;Torre Annunziata;Campania;NA;40674
63084;Torre del Greco;Campania;NA;81655
63085;Tufino;Campania;NA;3401
63086;Vico Equense;Campania;NA;20322
63087;Villaricca;Campania;NA;30710
63088;Visciano;Campania;NA;4226
63089;Volla;Campania;NA;24905
63090;Santa Maria la Carità;Campania;NA;11685
63091;Trecase;Campania;NA;8643
63092;Massa di Somma;Campania;NA;5019
64001;Aiello del Sabato;Campania;AV;3956
64002;Altavilla Irpina;Campania;AV;4000
64003;Andretta;Campania;AV;1700
64004;Aquilonia;Campania;AV;1518
64005;Ariano Irpino;Campania;AV;21422
64006;Atripalda;Campania;AV;10570
64007;Avella;Campania;AV;7553
64008;Avellino;Campania;AV;52819
64009;Bagnoli Irpino;Campania;AV;3030
64010;Baiano;Campania;AV;4517
64011;Bisaccia;Campania;AV;3604
64012;Bonito;Campania;AV;2238
64013;Cairano;Campania;AV;281
64014;Calabritto;Campania;AV;2161
64015;Calitri;Campania;AV;4341
64016;Candida;Campania;AV;1100
64017;Caposele;Campania;AV;3295
64018;Capriglia Irpina;Campania;AV;2242
64019;Carife;Campania;AV;1306
64020;Casalbore;Campania;AV;1626
64021;Cassano Irpino;Campania;AV;920
64022;Castel Baronia;Campania;AV;1066
64023;Castelfranci;Campania;AV;1862
64024;Castelvetere sul Calore;Campania;AV;1532
64025;Cervinara;Campania;AV;8903
64026;Cesinali;Campania;AV;2602
64027;Chianche;Campania;AV;457
64028;Chiusano di San Domenico;Campania;AV;2128
64029;Contrada;Campania;AV;2961
64030;Conza della Campania;Campania;AV;1265
64031;Domicella;Campania;AV;1833
64032;Flumeri;Campania;AV;2626
64033;Fontanarosa;Campania;AV;2880
64034;Forino;Campania;AV;5162
64035;Frigento;Campania;AV;3484
64036;Gesualdo;Campania;AV;3303
64037;Greci;Campania;AV;610
64038;Grottaminarda;Campania;AV;7722
64039;Grottolella;Campania;AV;1833
64040;Guardia Lombardi;Campania;AV;1533
64041;Lacedonia;Campania;AV;2107
64042;Lapio;Campania;AV;1452
64043;Lauro;Campania;AV;3303
64044;Lioni;Campania;AV;6009
64045;Luogosano;Campania;AV;1094
64046;Manocalzati;Campania;AV;3054
64047;Marzano di Nola;Campania;AV;1632
64048;Melito Irpino;Campania;AV;1807
64049;Mercogliano;Campania;AV;11653
64050;Mirabella Eclano;Campania;AV;6856
64051;Montaguto;Campania;AV;357
64052;Montecalvo Irpino;Campania;AV;3406
64053;Montefalcione;Campania;AV;3140
64054;Monteforte Irpino;Campania;AV;11303
64055;Montefredane;Campania;AV;2136
64056;Montefusco;Campania;AV;1232
64057;Montella;Campania;AV;7392
64058;Montemarano;Campania;AV;2667
64059;Montemiletto;Campania;AV;5065
64060;Monteverde;Campania;AV;734
64063;Morra De Sanctis;Campania;AV;1163
64064;Moschiano;Campania;AV;1573
64065;Mugnano del Cardinale;Campania;AV;5132
64066;Nusco;Campania;AV;3946
64067;Ospedaletto d'Alpinolo;Campania;AV;2113
64068;Pago del Vallo di Lauro;Campania;AV;1699
64069;Parolise;Campania;AV;634
64070;Paternopoli;Campania;AV;2166
64071;Petruro Irpino;Campania;AV;288
64072;Pietradefusi;Campania;AV;1974
64073;Pietrastornina;Campania;AV;1429
64074;Prata di Principato Ultra;Campania;AV;2782
64075;Pratola Serra;Campania;AV;3664
64076;Quadrelle;Campania;AV;1833
64077;Quindici;Campania;AV;1888
64078;Roccabascerana;Campania;AV;2299
64079;Rocca San Felice;Campania;AV;804
64080;Rotondi;Campania;AV;3449
64081;Salza Irpina;Campania;AV;728
64082;San Mango sul Calore;Campania;AV;1094
64083;San Martino Valle Caudina;Campania;AV;4753
64084;San Michele di Serino;Campania;AV;2436
64085;San Nicola Baronia;Campania;AV;761
64086;San Potito Ultra;Campania;AV;1479
64087;San Sossio Baronia;Campania;AV;1529
64088;Santa Lucia di Serino;Campania;AV;1406
64089;Sant'Andrea di Conza;Campania;AV;1351
64090;Sant'Angelo all'Esca;Campania;AV;729
64091;Sant'Angelo a Scala;Campania;AV;709
64092;Sant'Angelo dei Lombardi;Campania;AV;3946
64093;Santa Paolina;Campania;AV;1201
64095;Santo Stefano del Sole;Campania;AV;2071
64096;Savignano Irpino;Campania;AV;1048
64097;Scampitella;Campania;AV;1087
64098;Senerchia;Campania;AV;762
64099;Serino;Campania;AV;6789
64100;Sirignano;Campania;AV;2795
64101;Solofra;Campania;AV;12124
64102;Sorbo Serpico;Campania;AV;554
64103;Sperone;Campania;AV;3650
64104;Sturno;Campania;AV;2859
64105;Summonte;Campania;AV;1491
64106;Taurano;Campania;AV;1476
64107;Taurasi;Campania;AV;2193
64108;Teora;Campania;AV;1450
64109;Torella dei Lombardi;Campania;AV;1973
64110;Torre Le Nocelle;Campania;AV;1211
64111;Torrioni;Campania;AV;460
64112;Trevico;Campania;AV;880
64113;Tufo;Campania;AV;796
64114;Vallata;Campania;AV;2570
64115;Vallesaccarda;Campania;AV;1246
64116;Venticano;Campania;AV;2336
64117;Villamaina;Campania;AV;924
64118;Villanova del Battista;Campania;AV;1496
64119;Volturara Irpina;Campania;AV;3062
64120;Zungoli;Campania;AV;1003
64121;Montoro;Campania;AV;19305
65001;Acerno;Campania;SA;2533
65002;Agropoli;Campania;SA;21214
65003;Albanella;Campania;SA;6287
65004;Alfano;Campania;SA;977
65005;Altavilla Silentina;Campania;SA;6907
65006;Amalfi;Campania;SA;4921
65007;Angri;Campania;SA;33889
65008;Aquara;Campania;SA;1358
65009;Ascea;Campania;SA;5757
65010;Atena Lucana;Campania;SA;2392
65011;Atrani;Campania;SA;808
65012;Auletta;Campania;SA;2165
65013;Baronissi;Campania;SA;16912
65014;Battipaglia;Campania;SA;49805
65015;Bellosguardo;Campania;SA;734
65016;Bracigliano;Campania;SA;5327
65017;Buccino;Campania;SA;4697
65018;Buonabitacolo;Campania;SA;2425
65019;Caggiano;Campania;SA;2577
65020;Calvanico;Campania;SA;1388
65021;Camerota;Campania;SA;6859
65022;Campagna;Campania;SA;16423
65023;Campora;Campania;SA;359
65024;Cannalonga;Campania;SA;990
65025;Capaccio Paestum;Campania;SA;22276
65026;Casalbuono;Campania;SA;1077
65027;Casaletto Spartano;Campania;SA;1294
65028;Casal Velino;Campania;SA;5341
65029;Caselle in Pittari;Campania;SA;1855
65030;Castelcivita;Campania;SA;1507
65031;Castellabate;Campania;SA;8624
65032;Castelnuovo Cilento;Campania;SA;2799
65033;Castelnuovo di Conza;Campania;SA;596
65034;Castel San Giorgio;Campania;SA;13606
65035;Castel San Lorenzo;Campania;SA;2263
65036;Castiglione del Genovesi;Campania;SA;1301
65037;Cava de' Tirreni;Campania;SA;51257
65038;Celle di Bulgheria;Campania;SA;1774
65039;Centola;Campania;SA;4969
65040;Ceraso;Campania;SA;2242
65041;Cetara;Campania;SA;1993
65042;Cicerale;Campania;SA;1174
65043;Colliano;Campania;SA;3436
65044;Conca dei Marini;Campania;SA;671
65045;Controne;Campania;SA;805
65046;Contursi Terme;Campania;SA;3244
65047;Corbara;Campania;SA;2490
65048;Corleto Monforte;Campania;SA;528
65049;Cuccaro Vetere;Campania;SA;555
65050;Eboli;Campania;SA;37908
65051;Felitto;Campania;SA;1163
65052;Fisciano;Campania;SA;13756
65053;Furore;Campania;SA;719
65054;Futani;Campania;SA;1094
65055;Giffoni Sei Casali;Campania;SA;4931
65056;Giffoni Valle Piana;Campania;SA;11560
65057;Gioi;Campania;SA;1148
65058;Giungano;Campania;SA;1296
65059;Ispani;Campania;SA;1000
65060;Laureana Cilento;Campania;SA;1182
65061;Laurino;Campania;SA;1339
65062;Laurito;Campania;SA;729
65063;Laviano;Campania;SA;1360
65064;Lustra;Campania;SA;1001
65065;Magliano Vetere;Campania;SA;619
65066;Maiori;Campania;SA;5420
65067;Mercato San Severino;Campania;SA;21740
65068;Minori;Campania;SA;2606
65069;Moio della Civitella;Campania;SA;1816
65070;Montano Antilia;Campania;SA;1762
65071;Montecorice;Campania;SA;2533
65072;Montecorvino Pugliano;Campania;SA;10937
65073;Montecorvino Rovella;Campania;SA;12279
65074;Monteforte Cilento;Campania;SA;538
65075;Monte San Giacomo;Campania;SA;1438
65076;Montesano sulla Marcellana;Campania;SA;6295
65077;Morigerati;Campania;SA;614
65078;Nocera Inferiore;Campania;SA;44377
65079;Nocera Superiore;Campania;SA;23917
65080;Novi Velia;Campania;SA;2267
65081;Ogliastro Cilento;Campania;SA;2267
65082;Olevano sul Tusciano;Campania;SA;6483
65083;Oliveto Citra;Campania;SA;3655
65084;Omignano;Campania;SA;1637
65085;Orria;Campania;SA;991
65086;Ottati;Campania;SA;646
65087;Padula;Campania;SA;4972
65088;Pagani;Campania;SA;34474
65089;Palomonte;Campania;SA;3787
65090;Pellezzano;Campania;SA;10959
65091;Perdifumo;Campania;SA;1710
65092;Perito;Campania;SA;856
65093;Pertosa;Campania;SA;656
65094;Petina;Campania;SA;1011
65095;Piaggine;Campania;SA;1183
65096;Pisciotta;Campania;SA;2453
65097;Polla;Campania;SA;5177
65098;Pollica;Campania;SA;2204
65099;Pontecagnano Faiano;Campania;SA;25797
65100;Positano;Campania;SA;3782
65101;Postiglione;Campania;SA;2002
65102;Praiano;Campania;SA;1994
65103;Prignano Cilento;Campania;SA;1049
65104;Ravello;Campania;SA;2403
65105;Ricigliano;Campania;SA;1069
65106;Roccadaspide;Campania;SA;6910
65107;Roccagloriosa;Campania;SA;1595
65108;Roccapiemonte;Campania;SA;8731
65109;Rofrano;Campania;SA;1312
65110;Romagnano al Monte;Campania;SA;385
65111;Roscigno;Campania;SA;657
65112;Rutino;Campania;SA;779
65113;Sacco;Campania;SA;451
65114;Sala Consilina;Campania;SA;11900
65115;Salento;Campania;SA;1834
65116;Salerno;Campania;SA;129206
65117;Salvitelle;Campania;SA;500
65118;San Cipriano Picentino;Campania;SA;6532
65119;San Giovanni a Piro;Campania;SA;3636
65120;San Gregorio Magno;Campania;SA;4004
65121;San Mango Piemonte;Campania;SA;2637
65122;San Marzano sul Sarno;Campania;SA;10357
65123;San Mauro Cilento;Campania;SA;862
65124;San Mauro La Bruca;Campania;SA;548
65125;San Pietro al Tanagro;Campania;SA;1663
65126;San Rufo;Campania;SA;1619
65127;Santa Marina;Campania;SA;3141
65128;Sant'Angelo a Fasanella;Campania;SA;531
65129;Sant'Arsenio;Campania;SA;2713
65130;Sant'Egidio del Monte Albino;Campania;SA;8806
65131;Santomenna;Campania;SA;405
65132;San Valentino Torio;Campania;SA;10893
65133;Sanza;Campania;SA;2368
65134;Sapri;Campania;SA;6418
65135;Sarno;Campania;SA;30590
65136;Sassano;Campania;SA;4641
65137;Scafati;Campania;SA;48612
65138;Scala;Campania;SA;1488
65139;Serramezzana;Campania;SA;289
65140;Serre;Campania;SA;3749
65141;Sessa Cilento;Campania;SA;1210
65142;Siano;Campania;SA;9464
65143;Sicignano degli Alburni;Campania;SA;3137
65144;Stella Cilento;Campania;SA;690
65145;Stio;Campania;SA;793
65146;Teggiano;Campania;SA;7221
65147;Torchiara;Campania;SA;1805
65148;Torraca;Campania;SA;1204
65149;Torre Orsaia;Campania;SA;1987
65150;Tortorella;Campania;SA;480
65151;Tramonti;Campania;SA;4022
65152;Trentinara;Campania;SA;1548
65153;Valle dell'Angelo;Campania;SA;224
65154;Vallo della Lucania;Campania;SA;8089
65155;Valva;Campania;SA;1535
65156;Vibonati;Campania;SA;3182
65157;Vietri sul Mare;Campania;SA;7306
65158;Bellizzi;Campania;SA;13366
66001;Acciano;Abruzzo;AQ;300
66002;Aielli;Abruzzo;AQ;1437
66003;Alfedena;Abruzzo;AQ;917
66004;Anversa degli Abruzzi;Abruzzo;AQ;318
66005;Ateleta;Abruzzo;AQ;1092
66006;Avezzano;Abruzzo;AQ;41283
66007;Balsorano;Abruzzo;AQ;3297
66008;Barete;Abruzzo;AQ;623
66009;Barisciano;Abruzzo;AQ;1678
66010;Barrea;Abruzzo;AQ;720
66011;Bisegna;Abruzzo;AQ;208
66012;Bugnara;Abruzzo;AQ;1058
66013;Cagnano Amiterno;Abruzzo;AQ;1190
66014;Calascio;Abruzzo;AQ;128
66015;Campo di Giove;Abruzzo;AQ;780
66016;Campotosto;Abruzzo;AQ;464
66017;Canistro;Abruzzo;AQ;936
66018;Cansano;Abruzzo;AQ;221
66019;Capestrano;Abruzzo;AQ;858
66020;Capistrello;Abruzzo;AQ;4889
66021;Capitignano;Abruzzo;AQ;629
66022;Caporciano;Abruzzo;AQ;202
66023;Cappadocia;Abruzzo;AQ;555
66024;Carapelle Calvisio;Abruzzo;AQ;83
66025;Carsoli;Abruzzo;AQ;5130
66026;Castel del Monte;Abruzzo;AQ;450
66027;Castel di Ieri;Abruzzo;AQ;298
66028;Castel di Sangro;Abruzzo;AQ;6533
66029;Castellafiume;Abruzzo;AQ;1050
66030;Castelvecchio Calvisio;Abruzzo;AQ;128
66031;Castelvecchio Subequo;Abruzzo;AQ;850
66032;Celano;Abruzzo;AQ;10431
66033;Cerchio;Abruzzo;AQ;1570
66034;Civita d'Antino;Abruzzo;AQ;944
66035;Civitella Alfedena;Abruzzo;AQ;285
66036;Civitella Roveto;Abruzzo;AQ;3068
66037;Cocullo;Abruzzo;AQ;217
66038;Collarmele;Abruzzo;AQ;843
66039;Collelongo;Abruzzo;AQ;1120
66040;Collepietro;Abruzzo;AQ;217
66041;Corfinio;Abruzzo;AQ;984
66042;Fagnano Alto;Abruzzo;AQ;381
66043;Fontecchio;Abruzzo;AQ;293
66044;Fossa;Abruzzo;AQ;695
66045;Gagliano Aterno;Abruzzo;AQ;244
66046;Gioia dei Marsi;Abruzzo;AQ;1738
66047;Goriano Sicoli;Abruzzo;AQ;525
66048;Introdacqua;Abruzzo;AQ;1981
66049;L'Aquila;Abruzzo;AQ;69349
66050;Lecce nei Marsi;Abruzzo;AQ;1569
66051;Luco dei Marsi;Abruzzo;AQ;6047
66052;Lucoli;Abruzzo;AQ;873
66053;Magliano de' Marsi;Abruzzo;AQ;3530
66054;Massa d'Albe;Abruzzo;AQ;1385
66055;Molina Aterno;Abruzzo;AQ;362
66056;Montereale;Abruzzo;AQ;2262
66057;Morino;Abruzzo;AQ;1328
66058;Navelli;Abruzzo;AQ;518
66059;Ocre;Abruzzo;AQ;1125
66060;Ofena;Abruzzo;AQ;454
66061;Opi;Abruzzo;AQ;375
66062;Oricola;Abruzzo;AQ;1256
66063;Ortona dei Marsi;Abruzzo;AQ;437
66064;Ortucchio;Abruzzo;AQ;1766
66065;Ovindoli;Abruzzo;AQ;1171
66066;Pacentro;Abruzzo;AQ;1101
66067;Pereto;Abruzzo;AQ;647
66068;Pescasseroli;Abruzzo;AQ;2081
66069;Pescina;Abruzzo;AQ;3851
66070;Pescocostanzo;Abruzzo;AQ;1106
66071;Pettorano sul Gizio;Abruzzo;AQ;1343
66072;Pizzoli;Abruzzo;AQ;4259
66073;Poggio Picenze;Abruzzo;AQ;1055
66074;Prata d'Ansidonia;Abruzzo;AQ;441
66075;Pratola Peligna;Abruzzo;AQ;7187
66076;Prezza;Abruzzo;AQ;920
66077;Raiano;Abruzzo;AQ;2658
66078;Rivisondoli;Abruzzo;AQ;673
66079;Roccacasale;Abruzzo;AQ;611
66080;Rocca di Botte;Abruzzo;AQ;848
66081;Rocca di Cambio;Abruzzo;AQ;486
66082;Rocca di Mezzo;Abruzzo;AQ;1387
66083;Rocca Pia;Abruzzo;AQ;181
66084;Roccaraso;Abruzzo;AQ;1548
66085;San Benedetto dei Marsi;Abruzzo;AQ;3761
66086;San Benedetto in Perillis;Abruzzo;AQ;97
66087;San Demetrio ne' Vestini;Abruzzo;AQ;1880
66088;San Pio delle Camere;Abruzzo;AQ;671
66089;Sante Marie;Abruzzo;AQ;1111
66090;Sant'Eusanio Forconese;Abruzzo;AQ;362
66091;Santo Stefano di Sessanio;Abruzzo;AQ;116
66092;San Vincenzo Valle Roveto;Abruzzo;AQ;2120
66093;Scanno;Abruzzo;AQ;1717
66094;Scontrone;Abruzzo;AQ;542
66095;Scoppito;Abruzzo;AQ;3802
66096;Scurcola Marsicana;Abruzzo;AQ;2702
66097;Secinaro;Abruzzo;AQ;329
66098;Sulmona;Abruzzo;AQ;22643
66099;Tagliacozzo;Abruzzo;AQ;6443
66100;Tione degli Abruzzi;Abruzzo;AQ;275
66101;Tornimparte;Abruzzo;AQ;2865
66102;Trasacco;Abruzzo;AQ;5978
66103;Villalago;Abruzzo;AQ;509
66104;Villa Santa Lucia degli Abruzzi;Abruzzo;AQ;92
66105;Villa Sant'Angelo;Abruzzo;AQ;474
66106;Villavallelonga;Abruzzo;AQ;854
66107;Villetta Barrea;Abruzzo;AQ;601
66108;Vittorito;Abruzzo;AQ;836
67001;Alba Adriatica;Abruzzo;TE;12631
67002;Ancarano;Abruzzo;TE;1886
67003;Arsita;Abruzzo;TE;787
67004;Atri;Abruzzo;TE;10179
67005;Basciano;Abruzzo;TE;2345
67006;Bellante;Abruzzo;TE;6852
67007;Bisenti;Abruzzo;TE;1707
67008;Campli;Abruzzo;TE;6714
67009;Canzano;Abruzzo;TE;1768
67010;Castel Castagna;Abruzzo;TE;463
67011;Castellalto;Abruzzo;TE;7426
67012;Castelli;Abruzzo;TE;990
67013;Castiglione Messer Raimondo;Abruzzo;TE;2082
67014;Castilenti;Abruzzo;TE;1379
67015;Cellino Attanasio;Abruzzo;TE;2320
67016;Cermignano;Abruzzo;TE;1493
67017;Civitella del Tronto;Abruzzo;TE;4649
67018;Colledara;Abruzzo;TE;2106
67019;Colonnella;Abruzzo;TE;3649
67020;Controguerra;Abruzzo;TE;2272
67021;Corropoli;Abruzzo;TE;5145
67022;Cortino;Abruzzo;TE;596
67023;Crognaleto;Abruzzo;TE;1146
67024;Fano Adriano;Abruzzo;TE;261
67025;Giulianova;Abruzzo;TE;23464
67026;Isola del Gran Sasso d'Italia;Abruzzo;TE;4465
67027;Montefino;Abruzzo;TE;965
67028;Montorio al Vomano;Abruzzo;TE;7657
67029;Morro d'Oro;Abruzzo;TE;3583
67030;Mosciano Sant'Angelo;Abruzzo;TE;9101
67031;Nereto;Abruzzo;TE;5296
67032;Notaresco;Abruzzo;TE;6433
67033;Penna Sant'Andrea;Abruzzo;TE;1668
67034;Pietracamela;Abruzzo;TE;227
67035;Pineto;Abruzzo;TE;14582
67036;Rocca Santa Maria;Abruzzo;TE;483
67037;Roseto degli Abruzzi;Abruzzo;TE;25429
67038;Sant'Egidio alla Vibrata;Abruzzo;TE;9834
67039;Sant'Omero;Abruzzo;TE;5185
67040;Silvi;Abruzzo;TE;15251
67041;Teramo;Abruzzo;TE;52476
67042;Torano Nuovo;Abruzzo;TE;1523
67043;Torricella Sicura;Abruzzo;TE;2497
67044;Tortoreto;Abruzzo;TE;11810
67045;Tossicia;Abruzzo;TE;1253
67046;Valle Castellana;Abruzzo;TE;878
67047;Martinsicuro;Abruzzo;TE;16198
68001;Abbateggio;Abruzzo;PE;365
68002;Alanno;Abruzzo;PE;3424
68003;Bolognano;Abruzzo;PE;1041
68004;Brittoli;Abruzzo;PE;264
68005;Bussi sul Tirino;Abruzzo;PE;2317
68006;Cappelle sul Tavo;Abruzzo;PE;3956
68007;Caramanico Terme;Abruzzo;PE;1823
68008;Carpineto della Nora;Abruzzo;PE;573
68009;Castiglione a Casauria;Abruzzo;PE;748
68010;Catignano;Abruzzo;PE;1242
68011;Cepagatti;Abruzzo;PE;10920
68012;Città Sant'Angelo;Abruzzo;PE;14799
68013;Civitaquana;Abruzzo;PE;1190
68014;Civitella Casanova;Abruzzo;PE;1650
68015;Collecorvino;Abruzzo;PE;5990
68016;Corvara;Abruzzo;PE;218
68017;Cugnoli;Abruzzo;PE;1366
68018;Elice;Abruzzo;PE;1644
68019;Farindola;Abruzzo;PE;1363
68020;Lettomanoppello;Abruzzo;PE;2767
68021;Loreto Aprutino;Abruzzo;PE;7164
68022;Manoppello;Abruzzo;PE;6784
68023;Montebello di Bertona;Abruzzo;PE;914
68024;Montesilvano;Abruzzo;PE;53344
68025;Moscufo;Abruzzo;PE;3088
68026;Nocciano;Abruzzo;PE;1750
68027;Penne;Abruzzo;PE;11470
68028;Pescara;Abruzzo;PE;118766
68029;Pescosansonesco;Abruzzo;PE;482
68030;Pianella;Abruzzo;PE;8494
68031;Picciano;Abruzzo;PE;1287
68032;Pietranico;Abruzzo;PE;442
68033;Popoli;Abruzzo;PE;4784
68034;Roccamorice;Abruzzo;PE;908
68035;Rosciano;Abruzzo;PE;3977
68036;Salle;Abruzzo;PE;268
68037;Sant'Eufemia a Maiella;Abruzzo;PE;258
68038;San Valentino in Abruzzo Citeriore;Abruzzo;PE;1860
68039;Scafa;Abruzzo;PE;3542
68040;Serramonacesca;Abruzzo;PE;537
68041;Spoltore;Abruzzo;PE;18996
68042;Tocco da Casauria;Abruzzo;PE;2459
68043;Torre De' Passeri;Abruzzo;PE;2905
68044;Turrivalignani;Abruzzo;PE;791
68045;Vicoli;Abruzzo;PE;381
68046;Villa Celiera;Abruzzo;PE;571
69001;Altino;Abruzzo;CH;3080
69002;Archi;Abruzzo;CH;2030
69003;Ari;Abruzzo;CH;1071
69004;Arielli;Abruzzo;CH;1084
69005;Atessa;Abruzzo;CH;10443
69006;Bomba;Abruzzo;CH;755
69007;Borrello;Abruzzo;CH;313
69008;Bucchianico;Abruzzo;CH;5002
69009;Montebello sul Sangro;Abruzzo;CH;75
69010;Canosa Sannita;Abruzzo;CH;1270
69011;Carpineto Sinello;Abruzzo;CH;536
69012;Carunchio;Abruzzo;CH;610
69013;Casacanditella;Abruzzo;CH;1174
69014;Casalanguida;Abruzzo;CH;876
69015;Casalbordino;Abruzzo;CH;5808
69016;Casalincontrada;Abruzzo;CH;3004
69017;Casoli;Abruzzo;CH;5305
69018;Castel Frentano;Abruzzo;CH;4268
69019;Castelguidone;Abruzzo;CH;327
69020;Castiglione Messer Marino;Abruzzo;CH;1575
69021;Celenza sul Trigno;Abruzzo;CH;819
69022;Chieti;Abruzzo;CH;49139
69023;Civitaluparella;Abruzzo;CH;297
69024;Civitella Messer Raimondo;Abruzzo;CH;797
69025;Colledimacine;Abruzzo;CH;166
69026;Colledimezzo;Abruzzo;CH;440
69027;Crecchio;Abruzzo;CH;2648
69028;Cupello;Abruzzo;CH;4752
69029;Dogliola;Abruzzo;CH;323
69030;Fara Filiorum Petri;Abruzzo;CH;1936
69031;Fara San Martino;Abruzzo;CH;1312
69032;Filetto;Abruzzo;CH;884
69033;Fossacesia;Abruzzo;CH;6215
69034;Fraine;Abruzzo;CH;280
69035;Francavilla al Mare;Abruzzo;CH;25677
69036;Fresagrandinaria;Abruzzo;CH;908
69037;Frisa;Abruzzo;CH;1634
69038;Furci;Abruzzo;CH;851
69039;Gamberale;Abruzzo;CH;289
69040;Gessopalena;Abruzzo;CH;1261
69041;Gissi;Abruzzo;CH;2545
69042;Giuliano Teatino;Abruzzo;CH;1151
69043;Guardiagrele;Abruzzo;CH;8615
69044;Guilmi;Abruzzo;CH;417
69045;Lama dei Peligni;Abruzzo;CH;1102
69046;Lanciano;Abruzzo;CH;34410
69047;Lentella;Abruzzo;CH;651
69048;Lettopalena;Abruzzo;CH;325
69049;Liscia;Abruzzo;CH;668
69050;Miglianico;Abruzzo;CH;4640
69051;Montazzoli;Abruzzo;CH;877
69052;Monteferrante;Abruzzo;CH;119
69053;Montelapiano;Abruzzo;CH;80
69054;Montenerodomo;Abruzzo;CH;617
69055;Monteodorisio;Abruzzo;CH;2342
69056;Mozzagrogna;Abruzzo;CH;2412
69057;Orsogna;Abruzzo;CH;3639
69058;Ortona;Abruzzo;CH;22287
69059;Paglieta;Abruzzo;CH;4157
69060;Palena;Abruzzo;CH;1268
69061;Palmoli;Abruzzo;CH;836
69062;Palombaro;Abruzzo;CH;975
69063;Pennadomo;Abruzzo;CH;219
69064;Pennapiedimonte;Abruzzo;CH;435
69065;Perano;Abruzzo;CH;1523
69066;Pizzoferrato;Abruzzo;CH;1000
69067;Poggiofiorito;Abruzzo;CH;828
69068;Pollutri;Abruzzo;CH;2073
69069;Pretoro;Abruzzo;CH;866
69070;Quadri;Abruzzo;CH;734
69071;Rapino;Abruzzo;CH;1230
69072;Ripa Teatina;Abruzzo;CH;4002
69073;Roccamontepiano;Abruzzo;CH;1573
69074;Rocca San Giovanni;Abruzzo;CH;2301
69075;Roccascalegna;Abruzzo;CH;1082
69076;Roccaspinalveti;Abruzzo;CH;1208
69077;Roio del Sangro;Abruzzo;CH;95
69078;Rosello;Abruzzo;CH;202
69079;San Buono;Abruzzo;CH;891
69080;San Giovanni Lipioni;Abruzzo;CH;149
69081;San Giovanni Teatino;Abruzzo;CH;14174
69082;San Martino sulla Marrucina;Abruzzo;CH;865
69083;San Salvo;Abruzzo;CH;19445
69084;Santa Maria Imbaro;Abruzzo;CH;2054
69085;Sant'Eusanio del Sangro;Abruzzo;CH;2308
69086;San Vito Chietino;Abruzzo;CH;5189
69087;Scerni;Abruzzo;CH;3022
69088;Schiavi di Abruzzo;Abruzzo;CH;702
69089;Taranta Peligna;Abruzzo;CH;343
69090;Tollo;Abruzzo;CH;3948
69091;Torino di Sangro;Abruzzo;CH;2971
69092;Tornareccio;Abruzzo;CH;1669
69093;Torrebruna;Abruzzo;CH;746
69094;Torrevecchia Teatina;Abruzzo;CH;4165
69095;Torricella Peligna;Abruzzo;CH;1189
69096;Treglio;Abruzzo;CH;1687
69097;Tufillo;Abruzzo;CH;370
69098;Vacri;Abruzzo;CH;1550
69099;Vasto;Abruzzo;CH;40553
69100;Villalfonsina;Abruzzo;CH;908
69101;Villamagna;Abruzzo;CH;2180
69102;Villa Santa Maria;Abruzzo;CH;1147
69103;Pietraferrazzana;Abruzzo;CH;131
69104;Fallo;Abruzzo;CH;121
70001;Acquaviva Collecroce;Molise;CB;595
70002;Baranello;Molise;CB;2510
70003;Bojano;Molise;CB;7569
70004;Bonefro;Molise;CB;1236
70005;Busso;Molise;CB;1163
70006;Campobasso;Molise;CB;47535
70007;Campochiaro;Molise;CB;599
70008;Campodipietra;Molise;CB;2444
70009;Campolieto;Molise;CB;817
70010;Campomarino;Molise;CB;7629
70011;Casacalenda;Molise;CB;1913
70012;Casalciprano;Molise;CB;501
70013;Castelbottaccio;Molise;CB;261
70014;Castellino del Biferno;Molise;CB;460
70015;Castelmauro;Molise;CB;1279
70016;Castropignano;Molise;CB;883
70017;Cercemaggiore;Molise;CB;3577
70018;Cercepiccola;Molise;CB;627
70019;Civitacampomarano;Molise;CB;323
70020;Colle d'Anchise;Molise;CB;753
70021;Colletorto;Molise;CB;1713
70022;Duronia;Molise;CB;395
70023;Ferrazzano;Molise;CB;3181
70024;Fossalto;Molise;CB;1198
70025;Gambatesa;Molise;CB;1297
70026;Gildone;Molise;CB;759
70027;Guardialfiera;Molise;CB;970
70028;Guardiaregia;Molise;CB;726
70029;Guglionesi;Molise;CB;4957
70030;Jelsi;Molise;CB;1678
70031;Larino;Molise;CB;6452
70032;Limosano;Molise;CB;711
70033;Lucito;Molise;CB;642
70034;Lupara;Molise;CB;440
70035;Macchia Valfortore;Molise;CB;503
70036;Mafalda;Molise;CB;1100
70037;Matrice;Molise;CB;1063
70038;Mirabello Sannitico;Molise;CB;2067
70039;Molise;Molise;CB;161
70040;Monacilioni;Molise;CB;477
70041;Montagano;Molise;CB;1018
70042;Montecilfone;Molise;CB;1214
70043;Montefalcone nel Sannio;Molise;CB;1426
70044;Montelongo;Molise;CB;325
70045;Montemitro;Molise;CB;314
70046;Montenero di Bisaccia;Molise;CB;6186
70047;Montorio nei Frentani;Molise;CB;383
70048;Morrone del Sannio;Molise;CB;540
70049;Oratino;Molise;CB;1657
70050;Palata;Molise;CB;1595
70051;Petacciato;Molise;CB;3514
70052;Petrella Tifernina;Molise;CB;1062
70053;Pietracatella;Molise;CB;1256
70054;Pietracupa;Molise;CB;216
70055;Portocannone;Molise;CB;2331
70056;Provvidenti;Molise;CB;105
70057;Riccia;Molise;CB;4962
70058;Ripabottoni;Molise;CB;465
70059;Ripalimosani;Molise;CB;3017
70060;Roccavivara;Molise;CB;653
70061;Rotello;Molise;CB;1133
70062;Salcito;Molise;CB;635
70063;San Biase;Molise;CB;150
70064;San Felice del Molise;Molise;CB;571
70065;San Giacomo degli Schiavoni;Molise;CB;1375
70066;San Giovanni in Galdo;Molise;CB;537
70067;San Giuliano del Sannio;Molise;CB;949
70068;San Giuliano di Puglia;Molise;CB;992
70069;San Martino in Pensilis;Molise;CB;4601
70070;San Massimo;Molise;CB;811
70071;San Polo Matese;Molise;CB;477
70072;Santa Croce di Magliano;Molise;CB;4058
70073;Sant'Angelo Limosano;Molise;CB;328
70074;Sant'Elia a Pianisi;Molise;CB;1605
70075;Sepino;Molise;CB;1791
70076;Spinete;Molise;CB;1193
70077;Tavenna;Molise;CB;624
70078;Termoli;Molise;CB;32560
70079;Torella del Sannio;Molise;CB;720
70080;Toro;Molise;CB;1271
70081;Trivento;Molise;CB;4499
70082;Tufara;Molise;CB;822
70083;Ururi;Molise;CB;2514
70084;Vinchiaturo;Molise;CB;3260
71001;Accadia;Puglia;FG;2212
71002;Alberona;Puglia;FG;863
71003;Anzano di Puglia;Puglia;FG;1126
71004;Apricena;Puglia;FG;12681
71005;Ascoli Satriano;Puglia;FG;5986
71006;Biccari;Puglia;FG;2634
71007;Bovino;Puglia;FG;3044
71008;Cagnano Varano;Puglia;FG;6711
71009;Candela;Puglia;FG;2574
71010;Carapelle;Puglia;FG;6703
71011;Carlantino;Puglia;FG;845
71012;Carpino;Puglia;FG;3867
71013;Casalnuovo Monterotaro;Puglia;FG;1395
71014;Casalvecchio di Puglia;Puglia;FG;1701
71015;Castelluccio dei Sauri;Puglia;FG;2009
71016;Castelluccio Valmaggiore;Puglia;FG;1218
71017;Castelnuovo della Daunia;Puglia;FG;1308
71018;Celenza Valfortore;Puglia;FG;1426
71019;Celle di San Vito;Puglia;FG;152
71020;Cerignola;Puglia;FG;57223
71021;Chieuti;Puglia;FG;1557
71022;Deliceto;Puglia;FG;3588
71023;Faeto;Puglia;FG;616
71024;Foggia;Puglia;FG;147467
71025;Ischitella;Puglia;FG;4236
71026;Isole Tremiti;Puglia;FG;451
71027;Lesina;Puglia;FG;6200
71028;Lucera;Puglia;FG;31765
71029;Manfredonia;Puglia;FG;54643
71031;Mattinata;Puglia;FG;6016
71032;Monteleone di Puglia;Puglia;FG;986
71033;Monte Sant'Angelo;Puglia;FG;11654
71034;Motta Montecorvino;Puglia;FG;668
71035;Orsara di Puglia;Puglia;FG;2550
71036;Orta Nova;Puglia;FG;16964
71037;Panni;Puglia;FG;695
71038;Peschici;Puglia;FG;4295
71039;Pietramontecorvino;Puglia;FG;2554
71040;Poggio Imperiale;Puglia;FG;2573
71041;Rignano Garganico;Puglia;FG;1905
71042;Rocchetta Sant'Antonio;Puglia;FG;1736
71043;Rodi Garganico;Puglia;FG;3401
71044;Roseto Valfortore;Puglia;FG;1010
71046;San Giovanni Rotondo;Puglia;FG;26344
71047;San Marco in Lamis;Puglia;FG;12901
71048;San Marco la Catola;Puglia;FG;910
71049;San Nicandro Garganico;Puglia;FG;14132
71050;San Paolo di Civitate;Puglia;FG;5597
71051;San Severo;Puglia;FG;50284
71052;Sant'Agata di Puglia;Puglia;FG;1832
71053;Serracapriola;Puglia;FG;3759
71054;Stornara;Puglia;FG;5712
71055;Stornarella;Puglia;FG;5220
71056;Torremaggiore;Puglia;FG;16690
71058;Troia;Puglia;FG;6804
71059;Vico del Gargano;Puglia;FG;7350
71060;Vieste;Puglia;FG;13461
71061;Volturara Appula;Puglia;FG;389
71062;Volturino;Puglia;FG;1572
71063;Ordona;Puglia;FG;2909
71064;Zapponeta;Puglia;FG;3320
72001;Acquaviva delle Fonti;Puglia;BA;20184
72002;Adelfia;Puglia;BA;16547
72003;Alberobello;Puglia;BA;10373
72004;Altamura;Puglia;BA;69911
72006;Bari;Puglia;BA;317205
72008;Binetto;Puglia;BA;2161
72010;Bitetto;Puglia;BA;11767
72011;Bitonto;Puglia;BA;53457
72012;Bitritto;Puglia;BA;11197
72014;Capurso;Puglia;BA;15357
72015;Casamassima;Puglia;BA;19537
72016;Cassano delle Murge;Puglia;BA;14805
72017;Castellana Grotte;Puglia;BA;19323
72018;Cellamare;Puglia;BA;5766
72019;Conversano;Puglia;BA;25801
72020;Corato;Puglia;BA;47316
72021;Gioia del Colle;Puglia;BA;26963
72022;Giovinazzo;Puglia;BA;19537
72023;Gravina in Puglia;Puglia;BA;42895
72024;Grumo Appula;Puglia;BA;12298
72025;Locorotondo;Puglia;BA;14066
72027;Modugno;Puglia;BA;37002
72028;Mola di Bari;Puglia;BA;24678
72029;Molfetta;Puglia;BA;57891
72030;Monopoli;Puglia;BA;48007
72031;Noci;Puglia;BA;18541
72032;Noicàttaro;Puglia;BA;26042
72033;Palo del Colle;Puglia;BA;20774
72034;Poggiorsini;Puglia;BA;1339
72035;Polignano a Mare;Puglia;BA;17653
72036;Putignano;Puglia;BA;26143
72037;Rutigliano;Puglia;BA;18374
72038;Ruvo di Puglia;Puglia;BA;24611
72039;Sammichele di Bari;Puglia;BA;6118
72040;Sannicandro di Bari;Puglia;BA;9651
72041;Santeramo in Colle;Puglia;BA;25827
72043;Terlizzi;Puglia;BA;26245
72044;Toritto;Puglia;BA;8096
72046;Triggiano;Puglia;BA;26321
72047;Turi;Puglia;BA;12919
72048;Valenzano;Puglia;BA;17460
73001;Avetrana;Puglia;TA;6317
73002;Carosino;Puglia;TA;6677
73003;Castellaneta;Puglia;TA;16488
73004;Crispiano;Puglia;TA;13271
73005;Faggiano;Puglia;TA;3418
73006;Fragagnano;Puglia;TA;5066
73007;Ginosa;Puglia;TA;21926
73008;Grottaglie;Puglia;TA;30993
73009;Laterza;Puglia;TA;14944
73010;Leporano;Puglia;TA;8069
73011;Lizzano;Puglia;TA;9626
73012;Manduria;Puglia;TA;30147
73013;Martina Franca;Puglia;TA;47380
73014;Maruggio;Puglia;TA;5238
73015;Massafra;Puglia;TA;32168
73016;Monteiasi;Puglia;TA;5394
73017;Montemesola;Puglia;TA;3621
73018;Monteparano;Puglia;TA;2303
73019;Mottola;Puglia;TA;15545
73020;Palagianello;Puglia;TA;7679
73021;Palagiano;Puglia;TA;15776
73022;Pulsano;Puglia;TA;11201
73023;Roccaforzata;Puglia;TA;1801
73024;San Giorgio Ionico;Puglia;TA;14414
73025;San Marzano di San Giuseppe;Puglia;TA;8950
73026;Sava;Puglia;TA;15463
73027;Taranto;Puglia;TA;190717
73028;Torricella;Puglia;TA;4175
73029;Statte;Puglia;TA;13191
74001;Brindisi;Puglia;BR;83690
74002;Carovigno;Puglia;BR;16761
74003;Ceglie Messapica;Puglia;BR;18991
74004;Cellino San Marco;Puglia;BR;6227
74005;Cisternino;Puglia;BR;11252
74006;Erchie;Puglia;BR;8276
74007;Fasano;Puglia;BR;38890
74008;Francavilla Fontana;Puglia;BR;35324
74009;Latiano;Puglia;BR;13767
74010;Mesagne;Puglia;BR;25964
74011;Oria;Puglia;BR;14630
74012;Ostuni;Puglia;BR;30276
74013;San Donaci;Puglia;BR;6276
74014;San Michele Salentino;Puglia;BR;6170
74015;San Pancrazio Salentino;Puglia;BR;9429
74016;San Pietro Vernotico;Puglia;BR;13114
74017;San Vito dei Normanni;Puglia;BR;18439
74018;Torchiarolo;Puglia;BR;5205
74019;Torre Santa Susanna;Puglia;BR;10206
74020;Villa Castelli;Puglia;BR;9059
75002;Alessano;Puglia;LE;6116
75003;Alezio;Puglia;LE;5580
75004;Alliste;Puglia;LE;6470
75005;Andrano;Puglia;LE;4632
75006;Aradeo;Puglia;LE;8922
75007;Arnesano;Puglia;LE;3959
75008;Bagnolo del Salento;Puglia;LE;1769
75009;Botrugno;Puglia;LE;2670
75010;Calimera;Puglia;LE;6794
75011;Campi Salentina;Puglia;LE;9910
75012;Cannole;Puglia;LE;1631
75013;Caprarica di Lecce;Puglia;LE;2337
75014;Carmiano;Puglia;LE;11733
75015;Carpignano Salentino;Puglia;LE;3677
75016;Casarano;Puglia;LE;19404
75017;Castri di Lecce;Puglia;LE;2779
75018;Castrignano de' Greci;Puglia;LE;3736
75019;Castrignano del Capo;Puglia;LE;5133
75020;Cavallino;Puglia;LE;12766
75021;Collepasso;Puglia;LE;5725
75022;Copertino;Puglia;LE;23227
75023;Corigliano d'Otranto;Puglia;LE;5678
75024;Corsano;Puglia;LE;5250
75025;Cursi;Puglia;LE;3901
75026;Cutrofiano;Puglia;LE;8723
75027;Diso;Puglia;LE;2867
75028;Gagliano del Capo;Puglia;LE;4906
75029;Galatina;Puglia;LE;25944
75030;Galatone;Puglia;LE;15015
75031;Gallipoli;Puglia;LE;19679
75032;Giuggianello;Puglia;LE;1148
75033;Giurdignano;Puglia;LE;1929
75034;Guagnano;Puglia;LE;5488
75035;Lecce;Puglia;LE;95037
75036;Lequile;Puglia;LE;8708
75037;Leverano;Puglia;LE;13748
75038;Lizzanello;Puglia;LE;11889
75039;Maglie;Puglia;LE;13752
75040;Martano;Puglia;LE;8693
75041;Martignano;Puglia;LE;1616
75042;Matino;Puglia;LE;11037
75043;Melendugno;Puglia;LE;9944
75044;Melissano;Puglia;LE;6772
75045;Melpignano;Puglia;LE;2134
75046;Miggiano;Puglia;LE;3329
75047;Minervino di Lecce;Puglia;LE;3505
75048;Monteroni di Lecce;Puglia;LE;13452
75049;Montesano Salentino;Puglia;LE;2612
75050;Morciano di Leuca;Puglia;LE;3071
75051;Muro Leccese;Puglia;LE;4799
75052;Nardò;Puglia;LE;30775
75053;Neviano;Puglia;LE;4986
75054;Nociglia;Puglia;LE;2188
75055;Novoli;Puglia;LE;7655
75056;Ortelle;Puglia;LE;2246
75057;Otranto;Puglia;LE;5707
75058;Palmariggi;Puglia;LE;1399
75059;Parabita;Puglia;LE;8694
75060;Patù;Puglia;LE;1640
75061;Poggiardo;Puglia;LE;5845
75063;Racale;Puglia;LE;10634
75064;Ruffano;Puglia;LE;9411
75065;Salice Salentino;Puglia;LE;7889
75066;Salve;Puglia;LE;4483
75067;Sanarica;Puglia;LE;1443
75068;San Cesario di Lecce;Puglia;LE;7880
75069;San Donato di Lecce;Puglia;LE;5498
75070;Sannicola;Puglia;LE;5687
75071;San Pietro in Lama;Puglia;LE;3443
75072;Santa Cesarea Terme;Puglia;LE;2877
75073;Scorrano;Puglia;LE;6689
75074;Seclì;Puglia;LE;1825
75075;Sogliano Cavour;Puglia;LE;3923
75076;Soleto;Puglia;LE;5254
75077;Specchia;Puglia;LE;4560
75078;Spongano;Puglia;LE;3491
75079;Squinzano;Puglia;LE;13477
75080;Sternatia;Puglia;LE;2171
75081;Supersano;Puglia;LE;4162
75082;Surano;Puglia;LE;1569
75083;Surbo;Puglia;LE;14725
75084;Taurisano;Puglia;LE;11328
75085;Taviano;Puglia;LE;11531
75086;Tiggiano;Puglia;LE;2778
75087;Trepuzzi;Puglia;LE;14100
75088;Tricase;Puglia;LE;17129
75089;Tuglie;Puglia;LE;5091
75090;Ugento;Puglia;LE;12006
75091;Uggiano La Chiesa;Puglia;LE;4354
75092;Veglie;Puglia;LE;13458
75093;Vernole;Puglia;LE;6784
75094;Zollino;Puglia;LE;1884
75095;San Cassiano;Puglia;LE;1966
75096;Castro;Puglia;LE;2331
75097;Porto Cesareo;Puglia;LE;6232
75098;Presicce-Acquarica;Puglia;LE;9436
76001;Abriola;Basilicata;PZ;1329
76002;Acerenza;Basilicata;PZ;2204
76003;Albano di Lucania;Basilicata;PZ;1369
76004;Anzi;Basilicata;PZ;1573
76005;Armento;Basilicata;PZ;577
76006;Atella;Basilicata;PZ;3744
76007;Avigliano;Basilicata;PZ;10796
76008;Balvano;Basilicata;PZ;1751
76009;Banzi;Basilicata;PZ;1230
76010;Baragiano;Basilicata;PZ;2536
76011;Barile;Basilicata;PZ;2664
76012;Bella;Basilicata;PZ;4796
76013;Brienza;Basilicata;PZ;3873
76014;Brindisi Montagna;Basilicata;PZ;840
76015;Calvello;Basilicata;PZ;1775
76016;Calvera;Basilicata;PZ;361
76017;Campomaggiore;Basilicata;PZ;746
76018;Cancellara;Basilicata;PZ;1166
76019;Carbone;Basilicata;PZ;550
76020;San Paolo Albanese;Basilicata;PZ;226
76021;Castelgrande;Basilicata;PZ;841
76022;Castelluccio Inferiore;Basilicata;PZ;1955
76023;Castelluccio Superiore;Basilicata;PZ;739
76024;Castelmezzano;Basilicata;PZ;744
76025;Castelsaraceno;Basilicata;PZ;1243
76026;Castronuovo di Sant'Andrea;Basilicata;PZ;943
76027;Cersosimo;Basilicata;PZ;571
76028;Chiaromonte;Basilicata;PZ;1778
76029;Corleto Perticara;Basilicata;PZ;2351
76030;Episcopia;Basilicata;PZ;1276
76031;Fardella;Basilicata;PZ;559
76032;Filiano;Basilicata;PZ;2800
76033;Forenza;Basilicata;PZ;1901
76034;Francavilla in Sinni;Basilicata;PZ;3987
76035;Gallicchio;Basilicata;PZ;824
76036;Genzano di Lucania;Basilicata;PZ;5377
76037;Grumento Nova;Basilicata;PZ;1598
76038;Guardia Perticara;Basilicata;PZ;524
76039;Lagonegro;Basilicata;PZ;5192
76040;Latronico;Basilicata;PZ;4173
76041;Laurenzana;Basilicata;PZ;1642
76042;Lauria;Basilicata;PZ;12166
76043;Lavello;Basilicata;PZ;13139
76044;Maratea;Basilicata;PZ;4837
76045;Marsico Nuovo;Basilicata;PZ;3910
76046;Marsicovetere;Basilicata;PZ;5536
76047;Maschito;Basilicata;PZ;1511
76048;Melfi;Basilicata;PZ;17196
76049;Missanello;Basilicata;PZ;533
76050;Moliterno;Basilicata;PZ;3663
76051;Montemilone;Basilicata;PZ;1438
76052;Montemurro;Basilicata;PZ;1144
76053;Muro Lucano;Basilicata;PZ;4999
76054;Nemoli;Basilicata;PZ;1402
76055;Noepoli;Basilicata;PZ;773
76056;Oppido Lucano;Basilicata;PZ;3627
76057;Palazzo San Gervasio;Basilicata;PZ;4540
76058;Pescopagano;Basilicata;PZ;1727
76059;Picerno;Basilicata;PZ;5687
76060;Pietragalla;Basilicata;PZ;3930
76061;Pietrapertosa;Basilicata;PZ;945
76062;Pignola;Basilicata;PZ;6830
76063;Potenza;Basilicata;PZ;65420
76064;Rapolla;Basilicata;PZ;4146
76065;Rapone;Basilicata;PZ;908
76066;Rionero in Vulture;Basilicata;PZ;12652
76067;Ripacandida;Basilicata;PZ;1594
76068;Rivello;Basilicata;PZ;2591
76069;Roccanova;Basilicata;PZ;1345
76070;Rotonda;Basilicata;PZ;3282
76071;Ruoti;Basilicata;PZ;3383
76072;Ruvo del Monte;Basilicata;PZ;993
76073;San Chirico Nuovo;Basilicata;PZ;1225
76074;San Chirico Raparo;Basilicata;PZ;955
76075;San Costantino Albanese;Basilicata;PZ;624
76076;San Fele;Basilicata;PZ;2654
76077;San Martino d'Agri;Basilicata;PZ;685
76078;San Severino Lucano;Basilicata;PZ;1419
76079;Sant'Angelo Le Fratte;Basilicata;PZ;1331
76080;Sant'Arcangelo;Basilicata;PZ;6062
76081;Sarconi;Basilicata;PZ;1405
76082;Sasso di Castalda;Basilicata;PZ;766
76083;Satriano di Lucania;Basilicata;PZ;2254
76084;Savoia di Lucania;Basilicata;PZ;1018
76085;Senise;Basilicata;PZ;6656
76086;Spinoso;Basilicata;PZ;1362
76087;Teana;Basilicata;PZ;551
76088;Terranova di Pollino;Basilicata;PZ;1065
76089;Tito;Basilicata;PZ;7162
76090;Tolve;Basilicata;PZ;3047
76091;Tramutola;Basilicata;PZ;2946
76092;Trecchina;Basilicata;PZ;2159
76093;Trivigno;Basilicata;PZ;603
76094;Vaglio Basilicata;Basilicata;PZ;1903
76095;Venosa;Basilicata;PZ;11093
76096;Vietri di Potenza;Basilicata;PZ;2694
76097;Viggianello;Basilicata;PZ;2790
76098;Viggiano;Basilicata;PZ;3269
76099;Ginestra;Basilicata;PZ;721
76100;Paterno;Basilicata;PZ;3100
77001;Accettura;Basilicata;MT;1679
77002;Aliano;Basilicata;MT;891
77003;Bernalda;Basilicata;MT;12050
77004;Calciano;Basilicata;MT;678
77005;Cirigliano;Basilicata;MT;297
77006;Colobraro;Basilicata;MT;1086
77007;Craco;Basilicata;MT;651
77008;Ferrandina;Basilicata;MT;8137
77009;Garaguso;Basilicata;MT;1001
77010;Gorgoglione;Basilicata;MT;888
77011;Grassano;Basilicata;MT;4865
77012;Grottole;Basilicata;MT;2088
77013;Irsina;Basilicata;MT;4459
77014;Matera;Basilicata;MT;59794
77015;Miglionico;Basilicata;MT;2395
77016;Montalbano Jonico;Basilicata;MT;6874
77017;Montescaglioso;Basilicata;MT;9224
77018;Nova Siri;Basilicata;MT;6663
77019;Oliveto Lucano;Basilicata;MT;374
77020;Pisticci;Basilicata;MT;16889
77021;Policoro;Basilicata;MT;17762
77022;Pomarico;Basilicata;MT;3884
77023;Rotondella;Basilicata;MT;2489
77024;Salandra;Basilicata;MT;2595
77025;San Giorgio Lucano;Basilicata;MT;1091
77026;San Mauro Forte;Basilicata;MT;1310
77027;Stigliano;Basilicata;MT;3768
77028;Tricarico;Basilicata;MT;4890
77029;Tursi;Basilicata;MT;4849
77030;Valsinni;Basilicata;MT;1384
77031;Scanzano Jonico;Basilicata;MT;7635
78001;Acquaformosa;Calabria;CS;998
78002;Acquappesa;Calabria;CS;1755
78003;Acri;Calabria;CS;19380
78004;Aiello Calabro;Calabria;CS;1468
78005;Aieta;Calabria;CS;771
78006;Albidona;Calabria;CS;1203
78007;Alessandria del Carretto;Calabria;CS;375
78008;Altilia;Calabria;CS;671
78009;Altomonte;Calabria;CS;4116
78010;Amantea;Calabria;CS;13770
78011;Amendolara;Calabria;CS;2753
78012;Aprigliano;Calabria;CS;2461
78013;Belmonte Calabro;Calabria;CS;1772
78014;Belsito;Calabria;CS;900
78015;Belvedere Marittimo;Calabria;CS;9045
78016;Bianchi;Calabria;CS;1218
78017;Bisignano;Calabria;CS;9593
78018;Bocchigliero;Calabria;CS;1117
78019;Bonifati;Calabria;CS;2611
78020;Buonvicino;Calabria;CS;2072
78021;Calopezzati;Calabria;CS;1310
78022;Caloveto;Calabria;CS;1152
78023;Campana;Calabria;CS;1546
78024;Canna;Calabria;CS;661
78025;Cariati;Calabria;CS;7496
78026;Carolei;Calabria;CS;3138
78027;Carpanzano;Calabria;CS;214
78029;Cassano all'Ionio;Calabria;CS;16645
78030;Castiglione Cosentino;Calabria;CS;2656
78031;Castrolibero;Calabria;CS;9398
78032;Castroregio;Calabria;CS;246
78033;Castrovillari;Calabria;CS;21088
78034;Celico;Calabria;CS;2545
78035;Cellara;Calabria;CS;485
78036;Cerchiara di Calabria;Calabria;CS;2218
78037;Cerisano;Calabria;CS;2962
78038;Cervicati;Calabria;CS;793
78039;Cerzeto;Calabria;CS;1227
78040;Cetraro;Calabria;CS;9478
78041;Civita;Calabria;CS;859
78042;Cleto;Calabria;CS;1187
78043;Colosimi;Calabria;CS;1163
78045;Cosenza;Calabria;CS;64070
78046;Cropalati;Calabria;CS;1009
78047;Crosia;Calabria;CS;9621
78048;Diamante;Calabria;CS;5049
78049;Dipignano;Calabria;CS;4196
78050;Domanico;Calabria;CS;929
78051;Fagnano Castello;Calabria;CS;3472
78052;Falconara Albanese;Calabria;CS;1416
78053;Figline Vegliaturo;Calabria;CS;1116
78054;Firmo;Calabria;CS;1888
78055;Fiumefreddo Bruzio;Calabria;CS;2769
78056;Francavilla Marittima;Calabria;CS;2814
78057;Frascineto;Calabria;CS;1932
78058;Fuscaldo;Calabria;CS;7905
78059;Grimaldi;Calabria;CS;1536
78060;Grisolia;Calabria;CS;2199
78061;Guardia Piemontese;Calabria;CS;1728
78062;Lago;Calabria;CS;2318
78063;Laino Borgo;Calabria;CS;1769
78064;Laino Castello;Calabria;CS;787
78065;Lappano;Calabria;CS;893
78066;Lattarico;Calabria;CS;3799
78067;Longobardi;Calabria;CS;2259
78068;Longobucco;Calabria;CS;2774
78069;Lungro;Calabria;CS;2264
78070;Luzzi;Calabria;CS;8754
78071;Maierà;Calabria;CS;1156
78072;Malito;Calabria;CS;748
78073;Malvito;Calabria;CS;1693
78074;Mandatoriccio;Calabria;CS;2498
78075;Mangone;Calabria;CS;1901
78076;Marano Marchesato;Calabria;CS;3356
78077;Marano Principato;Calabria;CS;3059
78078;Marzi;Calabria;CS;965
78079;Mendicino;Calabria;CS;9267
78080;Mongrassano;Calabria;CS;1489
78081;Montalto Uffugo;Calabria;CS;20011
78082;Montegiordano;Calabria;CS;1639
78083;Morano Calabro;Calabria;CS;4021
78084;Mormanno;Calabria;CS;2684
78085;Mottafollone;Calabria;CS;1111
78086;Nocara;Calabria;CS;343
78087;Oriolo;Calabria;CS;1921
78088;Orsomarso;Calabria;CS;1153
78089;Paludi;Calabria;CS;971
78090;Panettieri;Calabria;CS;318
78091;Paola;Calabria;CS;14928
78092;Papasidero;Calabria;CS;652
78093;Parenti;Calabria;CS;2047
78094;Paterno Calabro;Calabria;CS;1322
78096;Pedivigliano;Calabria;CS;763
78097;Piane Crati;Calabria;CS;1382
78098;Pietrafitta;Calabria;CS;1184
78099;Pietrapaola;Calabria;CS;1019
78100;Plataci;Calabria;CS;678
78101;Praia a Mare;Calabria;CS;6423
78102;Rende;Calabria;CS;35725
78103;Rocca Imperiale;Calabria;CS;3253
78104;Roggiano Gravina;Calabria;CS;6813
78105;Rogliano;Calabria;CS;5425
78106;Rose;Calabria;CS;4188
78107;Roseto Capo Spulico;Calabria;CS;1870
78109;Rota Greca;Calabria;CS;983
78110;Rovito;Calabria;CS;3053
78111;San Basile;Calabria;CS;954
78112;San Benedetto Ullano;Calabria;CS;1404
78113;San Cosmo Albanese;Calabria;CS;581
78114;San Demetrio Corone;Calabria;CS;3130
78115;San Donato di Ninea;Calabria;CS;1142
78116;San Fili;Calabria;CS;2503
78117;Sangineto;Calabria;CS;1236
78118;San Giorgio Albanese;Calabria;CS;1326
78119;San Giovanni in Fiore;Calabria;CS;16222
78120;San Lorenzo Bellizzi;Calabria;CS;561
78121;San Lorenzo del Vallo;Calabria;CS;3131
78122;San Lucido;Calabria;CS;5939
78123;San Marco Argentano;Calabria;CS;7063
78124;San Martino di Finita;Calabria;CS;971
78125;San Nicola Arcella;Calabria;CS;1917
78126;San Pietro in Amantea;Calabria;CS;500
78127;San Pietro in Guarano;Calabria;CS;3461
78128;San Sosti;Calabria;CS;1924
78129;Santa Caterina Albanese;Calabria;CS;1171
78130;Santa Domenica Talao;Calabria;CS;1153
78131;Sant'Agata di Esaro;Calabria;CS;1724
78132;Santa Maria del Cedro;Calabria;CS;4865
78133;Santa Sofia D'Epiro;Calabria;CS;2251
78134;Santo Stefano di Rogliano;Calabria;CS;1676
78135;San Vincenzo la Costa;Calabria;CS;2023
78136;Saracena;Calabria;CS;3480
78137;Scala Coeli;Calabria;CS;866
78138;Scalea;Calabria;CS;11017
78139;Scigliano;Calabria;CS;1113
78140;Serra d'Aiello;Calabria;CS;500
78142;Spezzano Albanese;Calabria;CS;6678
78143;Spezzano della Sila;Calabria;CS;4292
78145;Tarsia;Calabria;CS;1883
78146;Terranova da Sibari;Calabria;CS;4673
78147;Terravecchia;Calabria;CS;637
78148;Torano Castello;Calabria;CS;4373
78149;Tortora;Calabria;CS;5868
78150;Trebisacce;Calabria;CS;8647
78152;Vaccarizzo Albanese;Calabria;CS;1047
78153;Verbicaro;Calabria;CS;2642
78154;Villapiana;Calabria;CS;5419
78155;Zumpano;Calabria;CS;2621
78156;Casali del Manco;Calabria;CS;9612
78157;Corigliano-Rossano;Calabria;CS;74129
79002;Albi;Calabria;CZ;852
79003;Amaroni;Calabria;CZ;1678
79004;Amato;Calabria;CZ;784
79005;Andali;Calabria;CZ;674
79007;Argusto;Calabria;CZ;475
79008;Badolato;Calabria;CZ;2827
79009;Belcastro;Calabria;CZ;1227
79011;Borgia;Calabria;CZ;7275
79012;Botricello;Calabria;CZ;4995
79017;Caraffa di Catanzaro;Calabria;CZ;1732
79018;Cardinale;Calabria;CZ;1828
79020;Carlopoli;Calabria;CZ;1406
79023;Catanzaro;Calabria;CZ;86183
79024;Cenadi;Calabria;CZ;513
79025;Centrache;Calabria;CZ;360
79027;Cerva;Calabria;CZ;1130
79029;Chiaravalle Centrale;Calabria;CZ;5203
79030;Cicala;Calabria;CZ;902
79033;Conflenti;Calabria;CZ;1300
79034;Cortale;Calabria;CZ;1902
79036;Cropani;Calabria;CZ;4649
79039;Curinga;Calabria;CZ;6549
79042;Davoli;Calabria;CZ;5406
79043;Decollatura;Calabria;CZ;2915
79047;Falerna;Calabria;CZ;3748
79048;Feroleto Antico;Calabria;CZ;1982
79052;Fossato Serralta;Calabria;CZ;571
79055;Gagliato;Calabria;CZ;436
79056;Gasperina;Calabria;CZ;1906
79058;Gimigliano;Calabria;CZ;3057
79059;Girifalco;Calabria;CZ;5589
79060;Gizzeria;Calabria;CZ;4971
79061;Guardavalle;Calabria;CZ;4205
79063;Isca sullo Ionio;Calabria;CZ;1487
79065;Jacurso;Calabria;CZ;570
79068;Magisano;Calabria;CZ;1137
79069;Maida;Calabria;CZ;4409
79071;Marcedusa;Calabria;CZ;403
79072;Marcellinara;Calabria;CZ;2192
79073;Martirano;Calabria;CZ;850
79074;Martirano Lombardo;Calabria;CZ;993
79077;Miglierina;Calabria;CZ;731
79080;Montauro;Calabria;CZ;1732
79081;Montepaone;Calabria;CZ;5500
79083;Motta Santa Lucia;Calabria;CZ;800
79087;Nocera Terinese;Calabria;CZ;4741
79088;Olivadi;Calabria;CZ;497
79089;Palermiti;Calabria;CZ;1081
79092;Pentone;Calabria;CZ;1941
79094;Petrizzi;Calabria;CZ;1005
79095;Petronà;Calabria;CZ;2448
79096;Pianopoli;Calabria;CZ;2533
79099;Platania;Calabria;CZ;1923
79108;San Floro;Calabria;CZ;714
79110;San Mango d'Aquino;Calabria;CZ;1451
79114;San Pietro a Maida;Calabria;CZ;3820
79115;San Pietro Apostolo;Calabria;CZ;1564
79116;San Sostene;Calabria;CZ;1417
79117;Santa Caterina dello Ionio;Calabria;CZ;1971
79118;Sant'Andrea Apostolo dello Ionio;Calabria;CZ;1758
79122;San Vito sullo Ionio;Calabria;CZ;1637
79123;Satriano;Calabria;CZ;3318
79126;Sellia;Calabria;CZ;505
79127;Sellia Marina;Calabria;CZ;7543
79129;Serrastretta;Calabria;CZ;2962
79130;Sersale;Calabria;CZ;4318
79131;Settingiano;Calabria;CZ;3164
79133;Simeri Crichi;Calabria;CZ;4673
79134;Sorbo San Basile;Calabria;CZ;792
79137;Soverato;Calabria;CZ;8712
79138;Soveria Mannelli;Calabria;CZ;2897
79139;Soveria Simeri;Calabria;CZ;1464
79142;Squillace;Calabria;CZ;3540
79143;Stalettì;Calabria;CZ;2303
79146;Taverna;Calabria;CZ;2522
79147;Tiriolo;Calabria;CZ;3650
79148;Torre di Ruggiero;Calabria;CZ;967
79151;Vallefiorita;Calabria;CZ;1527
79157;Zagarise;Calabria;CZ;1478
79160;Lamezia Terme;Calabria;CZ;67569
80001;Africo;Calabria;RC;2791
80002;Agnana Calabra;Calabria;RC;488
80003;Anoia;Calabria;RC;2059
80004;Antonimina;Calabria;RC;1200
80005;Ardore;Calabria;RC;4822
80006;Bagaladi;Calabria;RC;956
80007;Bagnara Calabra;Calabria;RC;9534
80008;Benestare;Calabria;RC;2469
80009;Bianco;Calabria;RC;4158
80010;Bivongi;Calabria;RC;1216
80011;Bova;Calabria;RC;402
80012;Bovalino;Calabria;RC;8689
80013;Bova Marina;Calabria;RC;4156
80014;Brancaleone;Calabria;RC;3314
80015;Bruzzano Zeffirio;Calabria;RC;1054
80016;Calanna;Calabria;RC;799
80017;Camini;Calabria;RC;778
80018;Campo Calabro;Calabria;RC;4473
80019;Candidoni;Calabria;RC;418
80020;Canolo;Calabria;RC;700
80021;Caraffa del Bianco;Calabria;RC;469
80022;Cardeto;Calabria;RC;1372
80023;Careri;Calabria;RC;2145
80024;Casignana;Calabria;RC;726
80025;Caulonia;Calabria;RC;6749
80026;Ciminà;Calabria;RC;534
80027;Cinquefrondi;Calabria;RC;6244
80028;Cittanova;Calabria;RC;9855
80029;Condofuri;Calabria;RC;4712
80030;Cosoleto;Calabria;RC;822
80031;Delianuova;Calabria;RC;3141
80032;Feroleto della Chiesa;Calabria;RC;1517
80033;Ferruzzano;Calabria;RC;771
80034;Fiumara;Calabria;RC;871
80035;Galatro;Calabria;RC;1499
80036;Gerace;Calabria;RC;2426
80037;Giffone;Calabria;RC;1602
80038;Gioia Tauro;Calabria;RC;19133
80039;Gioiosa Ionica;Calabria;RC;6799
80040;Grotteria;Calabria;RC;2876
80041;Laganadi;Calabria;RC;378
80042;Laureana di Borrello;Calabria;RC;4716
80043;Locri;Calabria;RC;11925
80044;Mammola;Calabria;RC;2537
80045;Marina di Gioiosa Ionica;Calabria;RC;6282
80046;Maropati;Calabria;RC;1377
80047;Martone;Calabria;RC;520
80048;Melicuccà;Calabria;RC;841
80049;Melicucco;Calabria;RC;4851
80050;Melito di Porto Salvo;Calabria;RC;10650
80051;Molochio;Calabria;RC;2279
80052;Monasterace;Calabria;RC;3407
80053;Montebello Ionico;Calabria;RC;5736
80054;Motta San Giovanni;Calabria;RC;5699
80055;Oppido Mamertina;Calabria;RC;4897
80056;Palizzi;Calabria;RC;2097
80057;Palmi;Calabria;RC;17842
80058;Pazzano;Calabria;RC;504
80059;Placanica;Calabria;RC;1044
80060;Platì;Calabria;RC;3736
80061;Polistena;Calabria;RC;9988
80062;Portigliola;Calabria;RC;1086
80063;Reggio di Calabria;Calabria;RC;173026
80064;Riace;Calabria;RC;1856
80065;Rizziconi;Calabria;RC;7623
80066;Roccaforte del Greco;Calabria;RC;387
80067;Roccella Ionica;Calabria;RC;6209
80068;Roghudi;Calabria;RC;952
80069;Rosarno;Calabria;RC;14561
80070;Samo;Calabria;RC;742
80071;San Giorgio Morgeto;Calabria;RC;2965
80072;San Giovanni di Gerace;Calabria;RC;420
80073;San Lorenzo;Calabria;RC;2331
80074;San Luca;Calabria;RC;3499
80075;San Pietro di Caridà;Calabria;RC;1030
80076;San Procopio;Calabria;RC;511
80077;San Roberto;Calabria;RC;1563
80078;Santa Cristina d'Aspromonte;Calabria;RC;795
80079;Sant'Agata del Bianco;Calabria;RC;582
80080;Sant'Alessio in Aspromonte;Calabria;RC;332
80081;Sant'Eufemia d'Aspromonte;Calabria;RC;3792
80082;Sant'Ilario dello Ionio;Calabria;RC;1345
80083;Santo Stefano in Aspromonte;Calabria;RC;1163
80084;Scido;Calabria;RC;866
80085;Scilla;Calabria;RC;4629
80086;Seminara;Calabria;RC;2510
80087;Serrata;Calabria;RC;801
80088;Siderno;Calabria;RC;17493
80089;Sinopoli;Calabria;RC;1897
80090;Staiti;Calabria;RC;201
80091;Stignano;Calabria;RC;1221
80092;Stilo;Calabria;RC;2423
80093;Taurianova;Calabria;RC;14884
80094;Terranova Sappo Minulio;Calabria;RC;476
80095;Varapodio;Calabria;RC;2018
80096;Villa San Giovanni;Calabria;RC;12931
80097;San Ferdinando;Calabria;RC;4626
81001;Alcamo;Sicilia;TP;44741
81002;Buseto Palizzolo;Sicilia;TP;2799
81003;Calatafimi-Segesta;Sicilia;TP;6276
81004;Campobello di Mazara;Sicilia;TP;11411
81005;Castellammare del Golfo;Sicilia;TP;14529
81006;Castelvetrano;Sicilia;TP;29855
81007;Custonaci;Sicilia;TP;5307
81008;Erice;Sicilia;TP;26490
81009;Favignana;Sicilia;TP;4270
81010;Gibellina;Sicilia;TP;3836
81011;Marsala;Sicilia;TP;80661
81012;Mazara del Vallo;Sicilia;TP;50334
81013;Paceco;Sicilia;TP;10903
81014;Pantelleria;Sicilia;TP;7366
81015;Partanna;Sicilia;TP;10021
81016;Poggioreale;Sicilia;TP;1394
81017;Salaparuta;Sicilia;TP;1596
81018;Salemi;Sicilia;TP;10114
81019;Santa Ninfa;Sicilia;TP;4842
81020;San Vito Lo Capo;Sicilia;TP;4772
81021;Trapani;Sicilia;TP;56709
81022;Valderice;Sicilia;TP;11587
81023;Vita;Sicilia;TP;1819
81024;Petrosino;Sicilia;TP;7976
81025;Misiliscemi;Sicilia;TP;8669
82001;Alia;Sicilia;PA;3379
82002;Alimena;Sicilia;PA;1808
82003;Aliminusa;Sicilia;PA;1107
82004;Altavilla Milicia;Sicilia;PA;8307
82005;Altofonte;Sicilia;PA;9849
82006;Bagheria;Sicilia;PA;53025
82007;Balestrate;Sicilia;PA;6160
82008;Baucina;Sicilia;PA;1842
82009;Belmonte Mezzagno;Sicilia;PA;10905
82010;Bisacquino;Sicilia;PA;4203
82011;Bolognetta;Sicilia;PA;4042
82012;Bompietro;Sicilia;PA;1250
82013;Borgetto;Sicilia;PA;7069
82014;Caccamo;Sicilia;PA;7827
82015;Caltavuturo;Sicilia;PA;3663
82016;Campofelice di Fitalia;Sicilia;PA;473
82017;Campofelice di Roccella;Sicilia;PA;7511
82018;Campofiorito;Sicilia;PA;1181
82019;Camporeale;Sicilia;PA;3029
82020;Capaci;Sicilia;PA;11283
82021;Carini;Sicilia;PA;38405
82022;Castelbuono;Sicilia;PA;8256
82023;Casteldaccia;Sicilia;PA;11586
82024;Castellana Sicula;Sicilia;PA;3101
82025;Castronovo di Sicilia;Sicilia;PA;2880
82026;Cefalà Diana;Sicilia;PA;995
82027;Cefalù;Sicilia;PA;13877
82028;Cerda;Sicilia;PA;4979
82029;Chiusa Sclafani;Sicilia;PA;2611
82030;Ciminna;Sicilia;PA;3485
82031;Cinisi;Sicilia;PA;11827
82032;Collesano;Sicilia;PA;3772
82033;Contessa Entellina;Sicilia;PA;1536
82034;Corleone;Sicilia;PA;10580
82035;Ficarazzi;Sicilia;PA;12768
82036;Gangi;Sicilia;PA;6285
82037;Geraci Siculo;Sicilia;PA;1768
82038;Giardinello;Sicilia;PA;2267
82039;Giuliana;Sicilia;PA;1730
82040;Godrano;Sicilia;PA;1087
82041;Gratteri;Sicilia;PA;887
82042;Isnello;Sicilia;PA;1368
82043;Isola delle Femmine;Sicilia;PA;7026
82044;Lascari;Sicilia;PA;3656
82045;Lercara Friddi;Sicilia;PA;6340
82046;Marineo;Sicilia;PA;6287
82047;Mezzojuso;Sicilia;PA;2713
82048;Misilmeri;Sicilia;PA;28589
82049;Monreale;Sicilia;PA;38226
82050;Montelepre;Sicilia;PA;5844
82051;Montemaggiore Belsito;Sicilia;PA;3029
82052;Palazzo Adriano;Sicilia;PA;1863
82053;Palermo;Sicilia;PA;637885
82054;Partinico;Sicilia;PA;30621
82055;Petralia Soprana;Sicilia;PA;3046
82056;Petralia Sottana;Sicilia;PA;2505
82057;Piana degli Albanesi;Sicilia;PA;5658
82058;Polizzi Generosa;Sicilia;PA;3016
82059;Pollina;Sicilia;PA;2827
82060;Prizzi;Sicilia;PA;4342
82061;Roccamena;Sicilia;PA;1388
82062;Roccapalumba;Sicilia;PA;2298
82063;San Cipirello;Sicilia;PA;5050
82064;San Giuseppe Jato;Sicilia;PA;8208
82065;San Mauro Castelverde;Sicilia;PA;1415
82066;Santa Cristina Gela;Sicilia;PA;988
82067;Santa Flavia;Sicilia;PA;10879
82068;Sciara;Sicilia;PA;2551
82069;Sclafani Bagni;Sicilia;PA;388
82070;Termini Imerese;Sicilia;PA;25173
82071;Terrasini;Sicilia;PA;12483
82072;Torretta;Sicilia;PA;4173
82073;Trabia;Sicilia;PA;10279
82074;Trappeto;Sicilia;PA;2987
82075;Ustica;Sicilia;PA;1271
82076;Valledolmo;Sicilia;PA;3287
82077;Ventimiglia di Sicilia;Sicilia;PA;1825
82078;Vicari;Sicilia;PA;2484
82079;Villabate;Sicilia;PA;19568
82080;Villafrati;Sicilia;PA;3142
82081;Scillato;Sicilia;PA;627
82082;Blufi;Sicilia;PA;919
83001;Alcara Li Fusi;Sicilia;ME;1763
83002;Alì;Sicilia;ME;702
83003;Alì Terme;Sicilia;ME;2378
83004;Antillo;Sicilia;ME;844
83005;Barcellona Pozzo di Gotto;Sicilia;ME;39945
83006;Basicò;Sicilia;ME;563
83007;Brolo;Sicilia;ME;5742
83008;Capizzi;Sicilia;ME;2918
83009;Capo d'Orlando;Sicilia;ME;13034
83010;Capri Leone;Sicilia;ME;4293
83011;Caronia;Sicilia;ME;3097
83012;Casalvecchio Siculo;Sicilia;ME;749
83013;Castel di Lucio;Sicilia;ME;1206
83014;Castell'Umberto;Sicilia;ME;2872
83015;Castelmola;Sicilia;ME;1070
83016;Castroreale;Sicilia;ME;2255
83017;Cesarò;Sicilia;ME;2212
83018;Condrò;Sicilia;ME;467
83019;Falcone;Sicilia;ME;2703
83020;Ficarra;Sicilia;ME;1331
83021;Fiumedinisi;Sicilia;ME;1294
83022;Floresta;Sicilia;ME;447
83023;Fondachelli-Fantina;Sicilia;ME;1008
83024;Forza d'Agrò;Sicilia;ME;883
83025;Francavilla di Sicilia;Sicilia;ME;3636
83026;Frazzanò;Sicilia;ME;601
83027;Furci Siculo;Sicilia;ME;3205
83028;Furnari;Sicilia;ME;3753
83029;Gaggi;Sicilia;ME;3039
83030;Galati Mamertino;Sicilia;ME;2361
83031;Gallodoro;Sicilia;ME;348
83032;Giardini-Naxos;Sicilia;ME;9006
83033;Gioiosa Marea;Sicilia;ME;6757
83034;Graniti;Sicilia;ME;1425
83035;Gualtieri Sicaminò;Sicilia;ME;1615
83036;Itala;Sicilia;ME;1472
83037;Leni;Sicilia;ME;689
83038;Letojanni;Sicilia;ME;2757
83039;Librizzi;Sicilia;ME;1586
83040;Limina;Sicilia;ME;735
83041;Lipari;Sicilia;ME;12266
83042;Longi;Sicilia;ME;1348
83043;Malfa;Sicilia;ME;983
83044;Malvagna;Sicilia;ME;649
83045;Mandanici;Sicilia;ME;557
83046;Mazzarrà Sant'Andrea;Sicilia;ME;1405
83047;Merì;Sicilia;ME;2330
83048;Messina;Sicilia;ME;222329
83049;Milazzo;Sicilia;ME;30421
83050;Militello Rosmarino;Sicilia;ME;1197
83051;Mirto;Sicilia;ME;913
83052;Mistretta;Sicilia;ME;4434
83053;Moio Alcantara;Sicilia;ME;664
83054;Monforte San Giorgio;Sicilia;ME;2564
83055;Mongiuffi Melia;Sicilia;ME;550
83056;Montagnareale;Sicilia;ME;1426
83057;Montalbano Elicona;Sicilia;ME;2001
83058;Motta Camastra;Sicilia;ME;804
83059;Motta d'Affermo;Sicilia;ME;670
83060;Naso;Sicilia;ME;3523
83061;Nizza di Sicilia;Sicilia;ME;3518
83062;Novara di Sicilia;Sicilia;ME;1190
83063;Oliveri;Sicilia;ME;2036
83064;Pace del Mela;Sicilia;ME;6056
83065;Pagliara;Sicilia;ME;1097
83066;Patti;Sicilia;ME;12788
83067;Pettineo;Sicilia;ME;1240
83068;Piraino;Sicilia;ME;3798
83069;Raccuja;Sicilia;ME;899
83070;Reitano;Sicilia;ME;733
83071;Roccafiorita;Sicilia;ME;182
83072;Roccalumera;Sicilia;ME;3953
83073;Roccavaldina;Sicilia;ME;1007
83074;Roccella Valdemone;Sicilia;ME;583
83075;Rodì Milici;Sicilia;ME;1957
83076;Rometta;Sicilia;ME;6420
83077;San Filippo del Mela;Sicilia;ME;6764
83078;San Fratello;Sicilia;ME;3350
83079;San Marco D'Alunzio;Sicilia;ME;1830
83080;San Pier Niceto;Sicilia;ME;2583
83081;San Piero Patti;Sicilia;ME;2651
83082;San Salvatore di Fitalia;Sicilia;ME;1178
83083;Santa Domenica Vittoria;Sicilia;ME;871
83084;Sant'Agata di Militello;Sicilia;ME;11989
83085;Sant'Alessio Siculo;Sicilia;ME;1488
83086;Santa Lucia del Mela;Sicilia;ME;4453
83087;Santa Marina Salina;Sicilia;ME;850
83088;Sant'Angelo di Brolo;Sicilia;ME;2826
83089;Santa Teresa di Riva;Sicilia;ME;9271
83090;San Teodoro;Sicilia;ME;1260
83091;Santo Stefano di Camastra;Sicilia;ME;4416
83092;Saponara;Sicilia;ME;3707
83093;Savoca;Sicilia;ME;1660
83094;Scaletta Zanclea;Sicilia;ME;1915
83095;Sinagra;Sicilia;ME;2515
83096;Spadafora;Sicilia;ME;4701
83097;Taormina;Sicilia;ME;10492
83098;Torregrotta;Sicilia;ME;7239
83099;Tortorici;Sicilia;ME;5908
83100;Tripi-Abakainon;Sicilia;ME;769
83101;Tusa;Sicilia;ME;2663
83102;Ucria;Sicilia;ME;940
83103;Valdina;Sicilia;ME;1276
83104;Venetico;Sicilia;ME;3896
83105;Villafranca Tirrena;Sicilia;ME;8196
83106;Terme Vigliatore;Sicilia;ME;7165
83107;Acquedolci;Sicilia;ME;5466
83108;Torrenova;Sicilia;ME;4440
84001;Agrigento;Sicilia;AG;55872
84002;Alessandria della Rocca;Sicilia;AG;2567
84003;Aragona;Sicilia;AG;8892
84004;Bivona;Sicilia;AG;3298
84005;Burgio;Sicilia;AG;2532
84006;Calamonaci;Sicilia;AG;1203
84007;Caltabellotta;Sicilia;AG;3310
84008;Camastra;Sicilia;AG;1910
84009;Cammarata;Sicilia;AG;5930
84010;Campobello di Licata;Sicilia;AG;9260
84011;Canicattì;Sicilia;AG;34446
84012;Casteltermini;Sicilia;AG;7473
84013;Castrofilippo;Sicilia;AG;2646
84014;Cattolica Eraclea;Sicilia;AG;3364
84015;Cianciana;Sicilia;AG;3177
84016;Comitini;Sicilia;AG;887
84017;Favara;Sicilia;AG;31821
84018;Grotte;Sicilia;AG;5303
84019;Joppolo Giancaxio;Sicilia;AG;1102
84020;Lampedusa e Linosa;Sicilia;AG;6337
84021;Licata;Sicilia;AG;34671
84022;Lucca Sicula;Sicilia;AG;1730
84023;Menfi;Sicilia;AG;11812
84024;Montallegro;Sicilia;AG;2385
84025;Montevago;Sicilia;AG;2734
84026;Naro;Sicilia;AG;7110
84027;Palma di Montechiaro;Sicilia;AG;21437
84028;Porto Empedocle;Sicilia;AG;15622
84029;Racalmuto;Sicilia;AG;7603
84030;Raffadali;Sicilia;AG;12260
84031;Ravanusa;Sicilia;AG;10574
84032;Realmonte;Sicilia;AG;4379
84033;Ribera;Sicilia;AG;18058
84034;Sambuca di Sicilia;Sicilia;AG;5485
84035;San Biagio Platani;Sicilia;AG;2946
84036;San Giovanni Gemini;Sicilia;AG;7590
84037;Santa Elisabetta;Sicilia;AG;2166
84038;Santa Margherita di Belice;Sicilia;AG;6104
84039;Sant'Angelo Muxaro;Sicilia;AG;1184
84040;Santo Stefano Quisquina;Sicilia;AG;4216
84041;Sciacca;Sicilia;AG;39250
84042;Siculiana;Sicilia;AG;4177
84043;Villafranca Sicula;Sicilia;AG;1358
85001;Acquaviva Platani;Sicilia;CL;891
85002;Bompensiere;Sicilia;CL;522
85003;Butera;Sicilia;CL;4234
85004;Caltanissetta;Sicilia;CL;59864
85005;Campofranco;Sicilia;CL;2758
85006;Delia;Sicilia;CL;3958
85007;Gela;Sicilia;CL;72491
85008;Marianopoli;Sicilia;CL;1669
85009;Mazzarino;Sicilia;CL;11181
85010;Milena;Sicilia;CL;2777
85011;Montedoro;Sicilia;CL;1418
85012;Mussomeli;Sicilia;CL;10059
85013;Niscemi;Sicilia;CL;25180
85014;Resuttano;Sicilia;CL;1809
85015;Riesi;Sicilia;CL;10697
85016;San Cataldo;Sicilia;CL;21255
85017;Santa Caterina Villarmosa;Sicilia;CL;4847
85018;Serradifalco;Sicilia;CL;5679
85019;Sommatino;Sicilia;CL;6487
85020;Sutera;Sicilia;CL;1234
85021;Vallelunga Pratameno;Sicilia;CL;3198
85022;Villalba;Sicilia;CL;1480
86001;Agira;Sicilia;EN;7756
86002;Aidone;Sicilia;EN;4389
86003;Assoro;Sicilia;EN;4892
86004;Barrafranca;Sicilia;EN;12063
86005;Calascibetta;Sicilia;EN;4169
86006;Catenanuova;Sicilia;EN;4519
86007;Centuripe;Sicilia;EN;5172
86008;Cerami;Sicilia;EN;1859
86009;Enna;Sicilia;EN;26037
86010;Gagliano Castelferrato;Sicilia;EN;3368
86011;Leonforte;Sicilia;EN;12583
86012;Nicosia;Sicilia;EN;12947
86013;Nissoria;Sicilia;EN;2849
86014;Piazza Armerina;Sicilia;EN;20749
86015;Pietraperzia;Sicilia;EN;6459
86016;Regalbuto;Sicilia;EN;6830
86017;Sperlinga;Sicilia;EN;691
86018;Troina;Sicilia;EN;8699
86019;Valguarnera Caropepe;Sicilia;EN;7163
86020;Villarosa;Sicilia;EN;4496
87001;Aci Bonaccorsi;Sicilia;CT;3495
87002;Aci Castello;Sicilia;CT;17987
87003;Aci Catena;Sicilia;CT;28160
87004;Acireale;Sicilia;CT;50627
87005;Aci Sant'Antonio;Sicilia;CT;17867
87006;Adrano;Sicilia;CT;33926
87007;Belpasso;Sicilia;CT;27546
87008;Biancavilla;Sicilia;CT;22987
87009;Bronte;Sicilia;CT;18327
87010;Calatabiano;Sicilia;CT;5133
87011;Caltagirone;Sicilia;CT;36241
87012;Camporotondo Etneo;Sicilia;CT;5149
87013;Castel di Iudica;Sicilia;CT;4352
87014;Castiglione di Sicilia;Sicilia;CT;2969
87015;Catania;Sicilia;CT;300356
87016;Fiumefreddo di Sicilia;Sicilia;CT;9086
87017;Giarre;Sicilia;CT;26485
87018;Grammichele;Sicilia;CT;12561
87019;Gravina di Catania;Sicilia;CT;25031
87020;Licodia Eubea;Sicilia;CT;2794
87021;Linguaglossa;Sicilia;CT;5098
87022;Maletto;Sicilia;CT;3613
87023;Mascali;Sicilia;CT;14092
87024;Mascalucia;Sicilia;CT;31628
87025;Militello in Val di Catania;Sicilia;CT;6792
87026;Milo;Sicilia;CT;1038
87027;Mineo;Sicilia;CT;4991
87028;Mirabella Imbaccari;Sicilia;CT;4282
87029;Misterbianco;Sicilia;CT;48943
87030;Motta Sant'Anastasia;Sicilia;CT;11987
87031;Nicolosi;Sicilia;CT;7529
87032;Palagonia;Sicilia;CT;15805
87033;Paternò;Sicilia;CT;45621
87034;Pedara;Sicilia;CT;14714
87035;Piedimonte Etneo;Sicilia;CT;3927
87036;Raddusa;Sicilia;CT;2875
87037;Ramacca;Sicilia;CT;10377
87038;Randazzo;Sicilia;CT;10324
87039;Riposto;Sicilia;CT;13969
87040;San Cono;Sicilia;CT;2431
87041;San Giovanni la Punta;Sicilia;CT;23336
87042;San Gregorio di Catania;Sicilia;CT;11464
87043;San Michele di Ganzaria;Sicilia;CT;2965
87044;San Pietro Clarenza;Sicilia;CT;8123
87045;Sant'Agata Li Battiati;Sicilia;CT;9318
87046;Sant'Alfio;Sicilia;CT;1522
87047;Santa Maria di Licodia;Sicilia;CT;7395
87048;Santa Venerina;Sicilia;CT;8303
87049;Scordia;Sicilia;CT;16296
87050;Trecastagni;Sicilia;CT;11073
87051;Tremestieri Etneo;Sicilia;CT;19892
87052;Valverde;Sicilia;CT;7775
87053;Viagrande;Sicilia;CT;8715
87054;Vizzini;Sicilia;CT;5772
87055;Zafferana Etnea;Sicilia;CT;9282
87056;Mazzarrone;Sicilia;CT;3921
87057;Maniace;Sicilia;CT;3739
87058;Ragalna;Sicilia;CT;4083
88001;Acate;Sicilia;RG;10620
88002;Chiaramonte Gulfi;Sicilia;RG;7926
88003;Comiso;Sicilia;RG;29978
88004;Giarratana;Sicilia;RG;2830
88005;Ispica;Sicilia;RG;16127
88006;Modica;Sicilia;RG;53370
88007;Monterosso Almo;Sicilia;RG;2829
88008;Pozzallo;Sicilia;RG;18940
88009;Ragusa;Sicilia;RG;72579
88010;Santa Croce Camerina;Sicilia;RG;10838
88011;Scicli;Sicilia;RG;26822
88012;Vittoria;Sicilia;RG;62051
89001;Augusta;Sicilia;SR;34857
89002;Avola;Sicilia;SR;30503
89003;Buccheri;Sicilia;SR;1778
89004;Buscemi;Sicilia;SR;978
89005;Canicattini Bagni;Sicilia;SR;6639
89006;Carlentini;Sicilia;SR;17152
89007;Cassaro;Sicilia;SR;729
89008;Ferla;Sicilia;SR;2349
89009;Floridia;Sicilia;SR;21561
89010;Francofonte;Sicilia;SR;11908
89011;Lentini;Sicilia;SR;22106
89012;Melilli;Sicilia;SR;13257
89013;Noto;Sicilia;SR;23638
89014;Pachino;Sicilia;SR;21521
89015;Palazzolo Acreide;Sicilia;SR;8247
89016;Rosolini;Sicilia;SR;20644
89017;Siracusa;Sicilia;SR;117053
89018;Solarino;Sicilia;SR;7556
89019;Sortino;Sicilia;SR;8337
89020;Portopalo di Capo Passero;Sicilia;SR;3790
89021;Priolo Gargallo;Sicilia;SR;11468
90001;Aggius;Sardegna;SS;1409
90002;Alà dei Sardi;Sardegna;SS;1787
90003;Alghero;Sardegna;SS;42325
90004;Anela;Sardegna;SS;592
90005;Ardara;Sardegna;SS;757
90006;Arzachena;Sardegna;SS;13337
90007;Banari;Sardegna;SS;539
90008;Benetutti;Sardegna;SS;1736
90009;Berchidda;Sardegna;SS;2636
90010;Bessude;Sardegna;SS;398
90011;Bonnanaro;Sardegna;SS;952
90012;Bono;Sardegna;SS;3369
90013;Bonorva;Sardegna;SS;3233
90014;Bortigiadas;Sardegna;SS;737
90015;Borutta;Sardegna;SS;262
90016;Bottidda;Sardegna;SS;660
90017;Buddusò;Sardegna;SS;3666
90018;Bultei;Sardegna;SS;854
90019;Bulzi;Sardegna;SS;475
90020;Burgos;Sardegna;SS;859
90021;Calangianus;Sardegna;SS;3854
90022;Cargeghe;Sardegna;SS;605
90023;Castelsardo;Sardegna;SS;5687
90024;Cheremule;Sardegna;SS;408
90025;Chiaramonti;Sardegna;SS;1529
90026;Codrongianos;Sardegna;SS;1276
90027;Cossoine;Sardegna;SS;776
90028;Esporlatu;Sardegna;SS;376
90029;Florinas;Sardegna;SS;1466
90030;Giave;Sardegna;SS;500
90031;Illorai;Sardegna;SS;776
90032;Ittireddu;Sardegna;SS;482
90033;Ittiri;Sardegna;SS;8188
90034;Laerru;Sardegna;SS;872
90035;La Maddalena;Sardegna;SS;10722
90036;Luogosanto;Sardegna;SS;1821
90037;Luras;Sardegna;SS;2466
90038;Mara;Sardegna;SS;532
90039;Martis;Sardegna;SS;480
90040;Monteleone Rocca Doria;Sardegna;SS;107
90041;Monti;Sardegna;SS;2336
90042;Mores;Sardegna;SS;1777
90043;Muros;Sardegna;SS;831
90044;Nughedu San Nicolò;Sardegna;SS;768
90045;Nule;Sardegna;SS;1291
90046;Nulvi;Sardegna;SS;2662
90047;Olbia;Sardegna;SS;59948
90048;Olmedo;Sardegna;SS;4125
90049;Oschiri;Sardegna;SS;3074
90050;Osilo;Sardegna;SS;2879
90051;Ossi;Sardegna;SS;5529
90052;Ozieri;Sardegna;SS;10023
90053;Padria;Sardegna;SS;625
90054;Palau;Sardegna;SS;4077
90055;Pattada;Sardegna;SS;2928
90056;Perfugas;Sardegna;SS;2261
90057;Ploaghe;Sardegna;SS;4383
90058;Porto Torres;Sardegna;SS;21377
90059;Pozzomaggiore;Sardegna;SS;2442
90060;Putifigari;Sardegna;SS;707
90061;Romana;Sardegna;SS;504
90062;Aglientu;Sardegna;SS;1179
90063;Santa Teresa Gallura;Sardegna;SS;4951
90064;Sassari;Sardegna;SS;122506
90065;Sedini;Sardegna;SS;1272
90066;Semestene;Sardegna;SS;129
90067;Sennori;Sardegna;SS;7001
90068;Siligo;Sardegna;SS;818
90069;Sorso;Sardegna;SS;14339
90070;Tempio Pausania;Sardegna;SS;13443
90071;Thiesi;Sardegna;SS;2826
90072;Tissi;Sardegna;SS;2343
90073;Torralba;Sardegna;SS;914
90074;Trinità d'Agultu e Vignola;Sardegna;SS;2216
90075;Tula;Sardegna;SS;1469
90076;Uri;Sardegna;SS;2864
90077;Usini;Sardegna;SS;4254
90078;Villanova Monteleone;Sardegna;SS;2177
90079;Valledoria;Sardegna;SS;4216
90080;Telti;Sardegna;SS;2224
90081;Badesi;Sardegna;SS;1819
90082;Viddalba;Sardegna;SS;1623
90083;Golfo Aranci;Sardegna;SS;2406
90084;Loiri Porto San Paolo;Sardegna;SS;3551
90085;Sant'Antonio di Gallura;Sardegna;SS;1448
90086;Tergu;Sardegna;SS;602
90087;Santa Maria Coghinas;Sardegna;SS;1296
90088;Erula;Sardegna;SS;707
90089;Stintino;Sardegna;SS;1543
90090;Padru;Sardegna;SS;2024
90091;Budoni;Sardegna;SS;5221
90092;San Teodoro;Sardegna;SS;4923
91001;Aritzo;Sardegna;NU;1215
91002;Arzana;Sardegna;NU;2285
91003;Atzara;Sardegna;NU;1036
91004;Austis;Sardegna;NU;768
91005;Bari Sardo;Sardegna;NU;3848
91006;Baunei;Sardegna;NU;3469
91007;Belvì;Sardegna;NU;579
91008;Birori;Sardegna;NU;508
91009;Bitti;Sardegna;NU;2661
91010;Bolotana;Sardegna;NU;2456
91011;Borore;Sardegna;NU;1989
91012;Bortigali;Sardegna;NU;1251
91016;Desulo;Sardegna;NU;2166
91017;Dorgali;Sardegna;NU;8288
91018;Dualchi;Sardegna;NU;590
91019;Elini;Sardegna;NU;557
91024;Fonni;Sardegna;NU;3752
91025;Gadoni;Sardegna;NU;725
91026;Gairo;Sardegna;NU;1317
91027;Galtellì;Sardegna;NU;2380
91028;Gavoi;Sardegna;NU;2527
91031;Girasole;Sardegna;NU;1278
91032;Ilbono;Sardegna;NU;2014
91033;Irgoli;Sardegna;NU;2239
91035;Jerzu;Sardegna;NU;3069
91037;Lanusei;Sardegna;NU;5154
91038;Lei;Sardegna;NU;474
91039;Loceri;Sardegna;NU;1265
91040;Loculi;Sardegna;NU;504
91041;Lodè;Sardegna;NU;1638
91042;Lotzorai;Sardegna;NU;2100
91043;Lula;Sardegna;NU;1277
91044;Macomer;Sardegna;NU;9567
91046;Mamoiada;Sardegna;NU;2413
91047;Meana Sardo;Sardegna;NU;1624
91050;Noragugume;Sardegna;NU;294
91051;Nuoro;Sardegna;NU;34660
91055;Oliena;Sardegna;NU;6722
91056;Ollolai;Sardegna;NU;1202
91057;Olzai;Sardegna;NU;792
91058;Onanì;Sardegna;NU;375
91059;Onifai;Sardegna;NU;709
91060;Oniferi;Sardegna;NU;898
91061;Orani;Sardegna;NU;2742
91062;Orgosolo;Sardegna;NU;3991
91063;Orosei;Sardegna;NU;6798
91064;Orotelli;Sardegna;NU;1916
91066;Ortueri;Sardegna;NU;1066
91067;Orune;Sardegna;NU;2185
91068;Osidda;Sardegna;NU;223
91069;Osini;Sardegna;NU;740
91070;Ottana;Sardegna;NU;2224
91071;Ovodda;Sardegna;NU;1538
91072;Perdasdefogu;Sardegna;NU;1757
91073;Posada;Sardegna;NU;3006
91077;Sarule;Sardegna;NU;1596
91083;Silanus;Sardegna;NU;2022
91084;Sindia;Sardegna;NU;1626
91085;Siniscola;Sardegna;NU;11136
91086;Sorgono;Sardegna;NU;1552
91088;Talana;Sardegna;NU;971
91089;Tertenia;Sardegna;NU;3839
91090;Teti;Sardegna;NU;617
91091;Tiana;Sardegna;NU;457
91093;Tonara;Sardegna;NU;1851
91094;Torpè;Sardegna;NU;2712
91095;Tortolì;Sardegna;NU;10969
91097;Triei;Sardegna;NU;1055
91098;Ulassai;Sardegna;NU;1393
91099;Urzulei;Sardegna;NU;1154
91100;Ussassai;Sardegna;NU;492
91101;Villagrande Strisaili;Sardegna;NU;2997
91103;Cardedu;Sardegna;NU;1948
91104;Lodine;Sardegna;NU;309
92003;Assemini;Sardegna;CA;26291
92009;Cagliari;Sardegna;CA;149572
92011;Capoterra;Sardegna;CA;23089
92015;Decimomannu;Sardegna;CA;8222
92037;Maracalagonis;Sardegna;CA;7888
92050;Pula;Sardegna;CA;7064
92051;Quartu Sant'Elena;Sardegna;CA;68640
92066;Sarroch;Sardegna;CA;5097
92068;Selargius;Sardegna;CA;28655
92074;Sestu;Sardegna;CA;20772
92075;Settimo San Pietro;Sardegna;CA;6776
92080;Sinnai;Sardegna;CA;17301
92090;Uta;Sardegna;CA;8585
92099;Villa San Pietro;Sardegna;CA;2148
92105;Quartucciu;Sardegna;CA;12864
92108;Elmas;Sardegna;CA;9349
92109;Monserrato;Sardegna;CA;19175
93001;Andreis;Friuli-Venezia Giulia;PN;262
93002;Arba;Friuli-Venezia Giulia;PN;1296
93004;Aviano;Friuli-Venezia Giulia;PN;8854
93005;Azzano Decimo;Friuli-Venezia Giulia;PN;15702
93006;Barcis;Friuli-Venezia Giulia;PN;234
93007;Brugnera;Friuli-Venezia Giulia;PN;9258
93008;Budoia;Friuli-Venezia Giulia;PN;2505
93009;Caneva;Friuli-Venezia Giulia;PN;6361
93010;Casarsa della Delizia;Friuli-Venezia Giulia;PN;8257
93011;Castelnovo del Friuli;Friuli-Venezia Giulia;PN;826
93012;Cavasso Nuovo;Friuli-Venezia Giulia;PN;1480
93013;Chions;Friuli-Venezia Giulia;PN;5126
93014;Cimolais;Friuli-Venezia Giulia;PN;352
93015;Claut;Friuli-Venezia Giulia;PN;877
93016;Clauzetto;Friuli-Venezia Giulia;PN;384
93017;Cordenons;Friuli-Venezia Giulia;PN;18067
93018;Cordovado;Friuli-Venezia Giulia;PN;2684
93019;Erto e Casso;Friuli-Venezia Giulia;PN;372
93020;Fanna;Friuli-Venezia Giulia;PN;1490
93021;Fiume Veneto;Friuli-Venezia Giulia;PN;11786
93022;Fontanafredda;Friuli-Venezia Giulia;PN;12697
93024;Frisanco;Friuli-Venezia Giulia;PN;571
93025;Maniago;Friuli-Venezia Giulia;PN;11622
93026;Meduno;Friuli-Venezia Giulia;PN;1539
93027;Montereale Valcellina;Friuli-Venezia Giulia;PN;4323
93028;Morsano al Tagliamento;Friuli-Venezia Giulia;PN;2682
93029;Pasiano di Pordenone;Friuli-Venezia Giulia;PN;7758
93030;Pinzano al Tagliamento;Friuli-Venezia Giulia;PN;1484
93031;Polcenigo;Friuli-Venezia Giulia;PN;3140
93032;Porcia;Friuli-Venezia Giulia;PN;15067
93033;Pordenone;Friuli-Venezia Giulia;PN;51403
93034;Prata di Pordenone;Friuli-Venezia Giulia;PN;8483
93035;Pravisdomini;Friuli-Venezia Giulia;PN;3401
93036;Roveredo in Piano;Friuli-Venezia Giulia;PN;5942
93037;Sacile;Friuli-Venezia Giulia;PN;20058
93038;San Giorgio della Richinvelda;Friuli-Venezia Giulia;PN;4717
93039;San Martino al Tagliamento;Friuli-Venezia Giulia;PN;1426
93040;San Quirino;Friuli-Venezia Giulia;PN;4220
93041;San Vito al Tagliamento;Friuli-Venezia Giulia;PN;15077
93042;Sequals;Friuli-Venezia Giulia;PN;2182
93043;Sesto al Reghena;Friuli-Venezia Giulia;PN;6346
93044;Spilimbergo;Friuli-Venezia Giulia;PN;11942
93045;Tramonti di Sopra;Friuli-Venezia Giulia;PN;286
93046;Tramonti di Sotto;Friuli-Venezia Giulia;PN;346
93047;Travesio;Friuli-Venezia Giulia;PN;1780
93049;Vito d'Asio;Friuli-Venezia Giulia;PN;717
93050;Vivaro;Friuli-Venezia Giulia;PN;1304
93051;Zoppola;Friuli-Venezia Giulia;PN;8374
93052;Vajont;Friuli-Venezia Giulia;PN;1684
93053;Valvasone Arzene;Friuli-Venezia Giulia;PN;3890
94001;Acquaviva d'Isernia;Molise;IS;395
94002;Agnone;Molise;IS;4796
94003;Bagnoli del Trigno;Molise;IS;665
94004;Belmonte del Sannio;Molise;IS;675
94005;Cantalupo nel Sannio;Molise;IS;733
94006;Capracotta;Molise;IS;821
94007;Carovilli;Molise;IS;1279
94008;Carpinone;Molise;IS;1044
94009;Castel del Giudice;Molise;IS;314
94010;Castelpetroso;Molise;IS;1577
94011;Castelpizzuto;Molise;IS;153
94012;Castel San Vincenzo;Molise;IS;474
94013;Castelverrino;Molise;IS;101
94014;Cerro al Volturno;Molise;IS;1170
94015;Chiauci;Molise;IS;204
94016;Civitanova del Sannio;Molise;IS;919
94017;Colli a Volturno;Molise;IS;1291
94018;Conca Casale;Molise;IS;170
94019;Filignano;Molise;IS;584
94020;Forlì del Sannio;Molise;IS;646
94021;Fornelli;Molise;IS;1826
94022;Frosolone;Molise;IS;2889
94023;Isernia;Molise;IS;20971
94024;Longano;Molise;IS;659
94025;Macchia d'Isernia;Molise;IS;1057
94026;Macchiagodena;Molise;IS;1656
94027;Miranda;Molise;IS;963
94028;Montaquila;Molise;IS;2316
94029;Montenero Val Cocchiara;Molise;IS;505
94030;Monteroduni;Molise;IS;2056
94031;Pesche;Molise;IS;1578
94032;Pescolanciano;Molise;IS;829
94033;Pescopennataro;Molise;IS;244
94034;Pettoranello del Molise;Molise;IS;429
94035;Pietrabbondante;Molise;IS;647
94036;Pizzone;Molise;IS;309
94037;Poggio Sannita;Molise;IS;597
94038;Pozzilli;Molise;IS;2186
94039;Rionero Sannitico;Molise;IS;1033
94040;Roccamandolfi;Molise;IS;871
94041;Roccasicura;Molise;IS;510
94042;Rocchetta a Volturno;Molise;IS;1081
94043;San Pietro Avellana;Molise;IS;439
94044;Sant'Agapito;Molise;IS;1366
94045;Santa Maria del Molise;Molise;IS;676
94046;Sant'Angelo del Pesco;Molise;IS;344
94047;Sant'Elena Sannita;Molise;IS;275
94048;Scapoli;Molise;IS;606
94049;Sessano del Molise;Molise;IS;662
94050;Sesto Campano;Molise;IS;2134
94051;Vastogirardi;Molise;IS;642
94052;Venafro;Molise;IS;11048
95001;Abbasanta;Sardegna;OR;2572
95002;Aidomaggiore;Sardegna;OR;411
95003;Albagiara;Sardegna;OR;243
95004;Ales;Sardegna;OR;1322
95005;Allai;Sardegna;OR;353
95006;Arborea;Sardegna;OR;3769
95007;Ardauli;Sardegna;OR;806
95008;Assolo;Sardegna;OR;355
95009;Asuni;Sardegna;OR;317
95010;Baradili;Sardegna;OR;80
95011;Baratili San Pietro;Sardegna;OR;1219
95012;Baressa;Sardegna;OR;576
95013;Bauladu;Sardegna;OR;654
95014;Bidonì;Sardegna;OR;134
95015;Bonarcado;Sardegna;OR;1519
95016;Boroneddu;Sardegna;OR;159
95017;Busachi;Sardegna;OR;1191
95018;Cabras;Sardegna;OR;8843
95019;Cuglieri;Sardegna;OR;2493
95020;Fordongianus;Sardegna;OR;861
95021;Ghilarza;Sardegna;OR;4285
95022;Gonnoscodina;Sardegna;OR;453
95023;Gonnosnò;Sardegna;OR;722
95024;Gonnostramatza;Sardegna;OR;821
95025;Marrubiu;Sardegna;OR;4614
95026;Masullas;Sardegna;OR;1014
95027;Milis;Sardegna;OR;1459
95028;Mogorella;Sardegna;OR;419
95029;Mogoro;Sardegna;OR;3974
95030;Morgongiori;Sardegna;OR;669
95031;Narbolia;Sardegna;OR;1709
95032;Neoneli;Sardegna;OR;629
95033;Norbello;Sardegna;OR;1161
95034;Nughedu Santa Vittoria;Sardegna;OR;463
95035;Nurachi;Sardegna;OR;1709
95036;Nureci;Sardegna;OR;329
95037;Ollastra;Sardegna;OR;1139
95038;Oristano;Sardegna;OR;30723
95039;Palmas Arborea;Sardegna;OR;1487
95040;Pau;Sardegna;OR;282
95041;Paulilatino;Sardegna;OR;2110
95042;Pompu;Sardegna;OR;228
95043;Riola Sardo;Sardegna;OR;2036
95044;Ruinas;Sardegna;OR;622
95045;Samugheo;Sardegna;OR;2814
95046;San Nicolò d'Arcidano;Sardegna;OR;2521
95047;Santa Giusta;Sardegna;OR;4673
95048;Villa Sant'Antonio;Sardegna;OR;334
95049;Santu Lussurgiu;Sardegna;OR;2247
95050;San Vero Milis;Sardegna;OR;2407
95051;Scano di Montiferro;Sardegna;OR;1434
95052;Sedilo;Sardegna;OR;2018
95053;Seneghe;Sardegna;OR;1698
95054;Senis;Sardegna;OR;430
95055;Sennariolo;Sardegna;OR;159
95056;Siamaggiore;Sardegna;OR;892
95057;Siamanna;Sardegna;OR;779
95058;Simala;Sardegna;OR;296
95059;Simaxis;Sardegna;OR;2126
95060;Sini;Sardegna;OR;491
95061;Siris;Sardegna;OR;226
95062;Solarussa;Sardegna;OR;2302
95063;Sorradile;Sardegna;OR;348
95064;Tadasuni;Sardegna;OR;146
95065;Terralba;Sardegna;OR;9830
95066;Tramatza;Sardegna;OR;943
95067;Tresnuraghes;Sardegna;OR;1116
95068;Ulà Tirso;Sardegna;OR;489
95069;Uras;Sardegna;OR;2724
95070;Usellus;Sardegna;OR;724
95071;Villanova Truschedu;Sardegna;OR;302
95072;Villaurbana;Sardegna;OR;1518
95073;Villa Verde;Sardegna;OR;289
95074;Zeddiani;Sardegna;OR;1142
95075;Zerfaliu;Sardegna;OR;998
95076;Siapiccia;Sardegna;OR;348
95077;Curcuris;Sardegna;OR;314
95078;Soddì;Sardegna;OR;121
95079;Bosa;Sardegna;OR;7533
95080;Flussio;Sardegna;OR;437
95082;Laconi;Sardegna;OR;1691
95083;Magomadas;Sardegna;OR;586
95084;Modolo;Sardegna;OR;155
95085;Montresta;Sardegna;OR;445
95086;Sagama;Sardegna;OR;194
95087;Suni;Sardegna;OR;1005
95088;Tinnura;Sardegna;OR;239
96001;Ailoche;Piemonte;BI;319
96002;Andorno Micca;Piemonte;BI;3027
96003;Benna;Piemonte;BI;1134
96004;Biella;Piemonte;BI;42943
96005;Bioglio;Piemonte;BI;894
96006;Borriana;Piemonte;BI;872
96007;Brusnengo;Piemonte;BI;1958
96008;Callabiana;Piemonte;BI;139
96009;Camandona;Piemonte;BI;314
96010;Camburzano;Piemonte;BI;1112
96012;Candelo;Piemonte;BI;7356
96013;Caprile;Piemonte;BI;186
96014;Casapinta;Piemonte;BI;393
96015;Castelletto Cervo;Piemonte;BI;795
96016;Cavaglià;Piemonte;BI;3537
96018;Cerrione;Piemonte;BI;2802
96019;Coggiola;Piemonte;BI;1673
96020;Cossato;Piemonte;BI;14070
96021;Crevacuore;Piemonte;BI;1412
96023;Curino;Piemonte;BI;455
96024;Donato;Piemonte;BI;708
96025;Dorzano;Piemonte;BI;539
96026;Gaglianico;Piemonte;BI;3710
96027;Gifflenga;Piemonte;BI;110
96028;Graglia;Piemonte;BI;1485
96030;Magnano;Piemonte;BI;381
96031;Massazza;Piemonte;BI;528
96032;Masserano;Piemonte;BI;1932
96033;Mezzana Mortigliengo;Piemonte;BI;492
96034;Miagliano;Piemonte;BI;566
96035;Mongrando;Piemonte;BI;3715
96037;Mottalciata;Piemonte;BI;1319
96038;Muzzano;Piemonte;BI;579
96039;Netro;Piemonte;BI;927
96040;Occhieppo Inferiore;Piemonte;BI;3777
96041;Occhieppo Superiore;Piemonte;BI;2627
96042;Pettinengo;Piemonte;BI;1466
96043;Piatto;Piemonte;BI;473
96044;Piedicavallo;Piemonte;BI;178
96046;Pollone;Piemonte;BI;2050
96047;Ponderano;Piemonte;BI;3733
96048;Portula;Piemonte;BI;1119
96049;Pralungo;Piemonte;BI;2301
96050;Pray;Piemonte;BI;2037
96053;Ronco Biellese;Piemonte;BI;1430
96054;Roppolo;Piemonte;BI;858
96055;Rosazza;Piemonte;BI;104
96056;Sagliano Micca;Piemonte;BI;1543
96057;Sala Biellese;Piemonte;BI;561
96058;Salussola;Piemonte;BI;1871
96059;Sandigliano;Piemonte;BI;2595
96063;Sordevolo;Piemonte;BI;1322
96064;Sostegno;Piemonte;BI;750
96065;Strona;Piemonte;BI;1005
96066;Tavigliano;Piemonte;BI;934
96067;Ternengo;Piemonte;BI;270
96068;Tollegno;Piemonte;BI;2385
96069;Torrazzo;Piemonte;BI;207
96071;Valdengo;Piemonte;BI;2385
96072;Vallanzengo;Piemonte;BI;206
96074;Valle San Nicolao;Piemonte;BI;906
96075;Veglio;Piemonte;BI;483
96076;Verrone;Piemonte;BI;1222
96077;Vigliano Biellese;Piemonte;BI;7618
96078;Villa del Bosco;Piemonte;BI;334
96079;Villanova Biellese;Piemonte;BI;191
96080;Viverone;Piemonte;BI;1374
96081;Zimone;Piemonte;BI;392
96082;Zubiena;Piemonte;BI;1119
96083;Zumaglia;Piemonte;BI;988
96085;Lessona;Piemonte;BI;2642
96086;Campiglia Cervo;Piemonte;BI;506
96087;Quaregna Cerreto;Piemonte;BI;2038
96088;Valdilana;Piemonte;BI;10342
97001;Abbadia Lariana;Lombardia;LC;3191
97002;Airuno;Lombardia;LC;2794
97003;Annone di Brianza;Lombardia;LC;2297
97004;Ballabio;Lombardia;LC;4149
97005;Barzago;Lombardia;LC;2373
97006;Barzanò;Lombardia;LC;5010
97007;Barzio;Lombardia;LC;1280
97008;Bellano;Lombardia;LC;3418
97009;Bosisio Parini;Lombardia;LC;3309
97010;Brivio;Lombardia;LC;4466
97011;Bulciago;Lombardia;LC;2895
97012;Calco;Lombardia;LC;5369
97013;Calolziocorte;Lombardia;LC;13592
97014;Carenno;Lombardia;LC;1388
97015;Casargo;Lombardia;LC;841
97016;Casatenovo;Lombardia;LC;13128
97017;Cassago Brianza;Lombardia;LC;4388
97018;Cassina Valsassina;Lombardia;LC;521
97019;Castello di Brianza;Lombardia;LC;2601
97020;Cernusco Lombardone;Lombardia;LC;3788
97021;Cesana Brianza;Lombardia;LC;2379
97022;Civate;Lombardia;LC;3739
97023;Colico;Lombardia;LC;7970
97024;Colle Brianza;Lombardia;LC;1730
97025;Cortenova;Lombardia;LC;1155
97026;Costa Masnaga;Lombardia;LC;4761
97027;Crandola Valsassina;Lombardia;LC;272
97028;Cremella;Lombardia;LC;1699
97029;Cremeno;Lombardia;LC;1649
97030;Dervio;Lombardia;LC;2596
97031;Dolzago;Lombardia;LC;2531
97032;Dorio;Lombardia;LC;322
97033;Ello;Lombardia;LC;1209
97034;Erve;Lombardia;LC;695
97035;Esino Lario;Lombardia;LC;764
97036;Galbiate;Lombardia;LC;8443
97037;Garbagnate Monastero;Lombardia;LC;2516
97038;Garlate;Lombardia;LC;2671
97039;Imbersago;Lombardia;LC;2486
97040;Introbio;Lombardia;LC;1931
97042;Lecco;Lombardia;LC;47454
97043;Lierna;Lombardia;LC;2122
97044;Lomagna;Lombardia;LC;5065
97045;Malgrate;Lombardia;LC;4256
97046;Mandello del Lario;Lombardia;LC;10082
97047;Margno;Lombardia;LC;379
97048;Merate;Lombardia;LC;14702
97049;Missaglia;Lombardia;LC;8683
97050;Moggio;Lombardia;LC;467
97051;Molteno;Lombardia;LC;3548
97052;Monte Marenzo;Lombardia;LC;1866
97053;Montevecchia;Lombardia;LC;2673
97054;Monticello Brianza;Lombardia;LC;4141
97055;Morterone;Lombardia;LC;29
97056;Nibionno;Lombardia;LC;3660
97057;Oggiono;Lombardia;LC;9128
97058;Olgiate Molgora;Lombardia;LC;6406
97059;Olginate;Lombardia;LC;6983
97060;Oliveto Lario;Lombardia;LC;1219
97061;Osnago;Lombardia;LC;4771
97062;Paderno d'Adda;Lombardia;LC;3834
97063;Pagnona;Lombardia;LC;337
97064;Parlasco;Lombardia;LC;132
97065;Pasturo;Lombardia;LC;1929
97067;Perledo;Lombardia;LC;878
97068;Pescate;Lombardia;LC;2182
97069;Premana;Lombardia;LC;2175
97070;Primaluna;Lombardia;LC;2256
97071;Robbiate;Lombardia;LC;6248
97072;Rogeno;Lombardia;LC;3071
97074;Santa Maria Hoè;Lombardia;LC;2127
97075;Sirone;Lombardia;LC;2330
97076;Sirtori;Lombardia;LC;2796
97077;Sueglio;Lombardia;LC;145
97078;Suello;Lombardia;LC;1755
97079;Taceno;Lombardia;LC;539
97082;Valgreghentino;Lombardia;LC;3406
97083;Valmadrera;Lombardia;LC;11210
97084;Varenna;Lombardia;LC;741
97086;Vercurago;Lombardia;LC;2766
97090;Viganò;Lombardia;LC;2096
97091;Verderio;Lombardia;LC;5520
97092;La Valletta Brianza;Lombardia;LC;4646
97093;Valvarrone;Lombardia;LC;500
98001;Abbadia Cerreto;Lombardia;LO;282
98002;Bertonico;Lombardia;LO;1069
98003;Boffalora d'Adda;Lombardia;LO;1734
98004;Borghetto Lodigiano;Lombardia;LO;4311
98005;Borgo San Giovanni;Lombardia;LO;2416
98006;Brembio;Lombardia;LO;2665
98008;Casaletto Lodigiano;Lombardia;LO;2942
98009;Casalmaiocco;Lombardia;LO;3176
98010;Casalpusterlengo;Lombardia;LO;15213
98011;Caselle Landi;Lombardia;LO;1503
98012;Caselle Lurani;Lombardia;LO;3006
98013;Castelnuovo Bocca d'Adda;Lombardia;LO;1546
98014;Castiglione d'Adda;Lombardia;LO;4502
98015;Castiraga Vidardo;Lombardia;LO;2908
98017;Cavenago d'Adda;Lombardia;LO;2116
98018;Cervignano d'Adda;Lombardia;LO;2164
98019;Codogno;Lombardia;LO;15548
98020;Comazzo;Lombardia;LO;2262
98021;Cornegliano Laudense;Lombardia;LO;2864
98022;Corno Giovine;Lombardia;LO;1120
98023;Cornovecchio;Lombardia;LO;202
98024;Corte Palasio;Lombardia;LO;1534
98025;Crespiatica;Lombardia;LO;2219
98026;Fombio;Lombardia;LO;2265
98027;Galgagnano;Lombardia;LO;1303
98028;Graffignana;Lombardia;LO;2549
98029;Guardamiglio;Lombardia;LO;2635
98030;Livraga;Lombardia;LO;2455
98031;Lodi;Lombardia;LO;44815
98032;Lodi Vecchio;Lombardia;LO;7589
98033;Maccastorna;Lombardia;LO;65
98034;Mairago;Lombardia;LO;1363
98035;Maleo;Lombardia;LO;3008
98036;Marudo;Lombardia;LO;1760
98037;Massalengo;Lombardia;LO;4385
98038;Meleti;Lombardia;LO;441
98039;Merlino;Lombardia;LO;1712
98040;Montanaso Lombardo;Lombardia;LO;2241
98041;Mulazzano;Lombardia;LO;5814
98042;Orio Litta;Lombardia;LO;1986
98043;Ospedaletto Lodigiano;Lombardia;LO;2004
98044;Ossago Lodigiano;Lombardia;LO;1421
98045;Pieve Fissiraga;Lombardia;LO;1711
98046;Salerano sul Lambro;Lombardia;LO;2609
98047;San Fiorano;Lombardia;LO;1826
98048;San Martino in Strada;Lombardia;LO;3733
98049;San Rocco al Porto;Lombardia;LO;3354
98050;Sant'Angelo Lodigiano;Lombardia;LO;13225
98051;Santo Stefano Lodigiano;Lombardia;LO;1857
98052;Secugnago;Lombardia;LO;1931
98053;Senna Lodigiana;Lombardia;LO;1784
98054;Somaglia;Lombardia;LO;3867
98055;Sordio;Lombardia;LO;3448
98056;Tavazzano con Villavesco;Lombardia;LO;5919
98057;Terranova dei Passerini;Lombardia;LO;919
98058;Turano Lodigiano;Lombardia;LO;1539
98059;Valera Fratta;Lombardia;LO;1735
98060;Villanova del Sillaro;Lombardia;LO;1867
98061;Zelo Buon Persico;Lombardia;LO;7415
98062;Castelgerundo;Lombardia;LO;1491
99001;Bellaria-Igea Marina;Emilia-Romagna;RN;19458
99002;Cattolica;Emilia-Romagna;RN;16723
99003;Coriano;Emilia-Romagna;RN;10503
99004;Gemmano;Emilia-Romagna;RN;1124
99005;Misano Adriatico;Emilia-Romagna;RN;13780
99006;Mondaino;Emilia-Romagna;RN;1329
99008;Montefiore Conca;Emilia-Romagna;RN;2227
99009;Montegridolfo;Emilia-Romagna;RN;994
99011;Morciano di Romagna;Emilia-Romagna;RN;7176
99013;Riccione;Emilia-Romagna;RN;34942
99014;Rimini;Emilia-Romagna;RN;150240
99015;Saludecio;Emilia-Romagna;RN;3009
99016;San Clemente;Emilia-Romagna;RN;5624
99017;San Giovanni in Marignano;Emilia-Romagna;RN;9441
99018;Santarcangelo di Romagna;Emilia-Romagna;RN;22288
99020;Verucchio;Emilia-Romagna;RN;10047
99021;Casteldelci;Emilia-Romagna;RN;376
99022;Maiolo;Emilia-Romagna;RN;792
99023;Novafeltria;Emilia-Romagna;RN;7064
99024;Pennabilli;Emilia-Romagna;RN;2653
99025;San Leo;Emilia-Romagna;RN;2860
99026;Sant'Agata Feltria;Emilia-Romagna;RN;2034
99027;Talamello;Emilia-Romagna;RN;1065
99028;Poggio Torriana;Emilia-Romagna;RN;5186
99029;Montescudo - Monte Colombo;Emilia-Romagna;RN;6842
99030;Montecopiolo;Emilia-Romagna;RN;1064
99031;Sassofeltrio;Emilia-Romagna;RN;1352
100001;Cantagallo;Toscana;PO;3102
100002;Carmignano;Toscana;PO;15098
100003;Montemurlo;Toscana;PO;19477
100004;Poggio a Caiano;Toscana;PO;10169
100005;Prato;Toscana;PO;201410
100006;Vaiano;Toscana;PO;9975
100007;Vernio;Toscana;PO;6038
101001;Belvedere di Spinello;Calabria;KR;1974
101002;Caccuri;Calabria;KR;1572
101003;Carfizzi;Calabria;KR;531
101004;Casabona;Calabria;KR;2403
101005;Castelsilano;Calabria;KR;899
101006;Cerenzia;Calabria;KR;1047
101007;Cirò;Calabria;KR;2560
101008;Cirò Marina;Calabria;KR;13833
101009;Cotronei;Calabria;KR;5253
101010;Crotone;Calabria;KR;60123
101011;Crucoli;Calabria;KR;2798
101012;Cutro;Calabria;KR;9465
101013;Isola di Capo Rizzuto;Calabria;KR;16962
101014;Melissa;Calabria;KR;3249
101015;Mesoraca;Calabria;KR;6025
101016;Pallagorio;Calabria;KR;1027
101017;Petilia Policastro;Calabria;KR;8700
101018;Roccabernarda;Calabria;KR;3185
101019;Rocca di Neto;Calabria;KR;5345
101020;San Mauro Marchesato;Calabria;KR;1966
101021;San Nicola dell'Alto;Calabria;KR;725
101022;Santa Severina;Calabria;KR;1935
101023;Savelli;Calabria;KR;1083
101024;Scandale;Calabria;KR;2851
101025;Strongoli;Calabria;KR;6146
101026;Umbriatico;Calabria;KR;761
101027;Verzino;Calabria;KR;1641
102001;Acquaro;Calabria;VV;1941
102002;Arena;Calabria;VV;1286
102003;Briatico;Calabria;VV;3855
102004;Brognaturo;Calabria;VV;630
102005;Capistrano;Calabria;VV;984
102006;Cessaniti;Calabria;VV;3015
102007;Dasà;Calabria;VV;1109
102008;Dinami;Calabria;VV;1844
102009;Drapia;Calabria;VV;2019
102010;Fabrizia;Calabria;VV;2005
102011;Filadelfia;Calabria;VV;4960
102012;Filandari;Calabria;VV;1758
102013;Filogaso;Calabria;VV;1317
102014;Francavilla Angitola;Calabria;VV;1827
102015;Francica;Calabria;VV;1610
102016;Gerocarne;Calabria;VV;1967
102017;Ionadi;Calabria;VV;4406
102018;Joppolo;Calabria;VV;1685
102019;Limbadi;Calabria;VV;3327
102020;Maierato;Calabria;VV;2055
102021;Mileto;Calabria;VV;6401
102022;Mongiana;Calabria;VV;672
102023;Monterosso Calabro;Calabria;VV;1564
102024;Nardodipace;Calabria;VV;1127
102025;Nicotera;Calabria;VV;5911
102026;Parghelia;Calabria;VV;1245
102027;Pizzo;Calabria;VV;8882
102028;Pizzoni;Calabria;VV;1023
102029;Polia;Calabria;VV;891
102030;Ricadi;Calabria;VV;4805
102031;Rombiolo;Calabria;VV;4382
102032;San Calogero;Calabria;VV;3954
102033;San Costantino Calabro;Calabria;VV;2084
102034;San Gregorio d'Ippona;Calabria;VV;2535
102035;San Nicola da Crissa;Calabria;VV;1231
102036;Sant'Onofrio;Calabria;VV;2889
102037;Serra San Bruno;Calabria;VV;6352
102038;Simbario;Calabria;VV;921
102039;Sorianello;Calabria;VV;1123
102040;Soriano Calabro;Calabria;VV;2291
102041;Spadola;Calabria;VV;797
102042;Spilinga;Calabria;VV;1370
102043;Stefanaconi;Calabria;VV;2349
102044;Tropea;Calabria;VV;6022
102045;Vallelonga;Calabria;VV;749
102046;Vazzano;Calabria;VV;982
102047;Vibo Valentia;Calabria;VV;31753
102048;Zaccanopoli;Calabria;VV;698
102049;Zambrone;Calabria;VV;1736
102050;Zungri;Calabria;VV;1854
103001;Antrona Schieranco;Piemonte;VB;395
103002;Anzola d'Ossola;Piemonte;VB;394
103003;Arizzano;Piemonte;VB;1961
103004;Arola;Piemonte;VB;238
103005;Aurano;Piemonte;VB;105
103006;Baceno;Piemonte;VB;886
103007;Bannio Anzino;Piemonte;VB;471
103008;Baveno;Piemonte;VB;4820
103009;Bee;Piemonte;VB;771
103010;Belgirate;Piemonte;VB;493
103011;Beura-Cardezza;Piemonte;VB;1430
103012;Bognanco;Piemonte;VB;186
103013;Brovello-Carpugnino;Piemonte;VB;751
103014;Calasca-Castiglione;Piemonte;VB;567
103015;Cambiasca;Piemonte;VB;1569
103016;Cannero Riviera;Piemonte;VB;897
103017;Cannobio;Piemonte;VB;5029
103018;Caprezzo;Piemonte;VB;171
103019;Casale Corte Cerro;Piemonte;VB;3404
103021;Ceppo Morelli;Piemonte;VB;302
103022;Cesara;Piemonte;VB;591
103023;Cossogno;Piemonte;VB;667
103024;Craveggia;Piemonte;VB;759
103025;Crevoladossola;Piemonte;VB;4517
103026;Crodo;Piemonte;VB;1406
103028;Domodossola;Piemonte;VB;17783
103029;Druogno;Piemonte;VB;1057
103031;Formazza;Piemonte;VB;445
103032;Germagno;Piemonte;VB;188
103033;Ghiffa;Piemonte;VB;2308
103034;Gignese;Piemonte;VB;1081
103035;Gravellona Toce;Piemonte;VB;7621
103036;Gurro;Piemonte;VB;190
103037;Intragna;Piemonte;VB;108
103038;Loreglia;Piemonte;VB;226
103039;Macugnaga;Piemonte;VB;530
103040;Madonna del Sasso;Piemonte;VB;392
103041;Malesco;Piemonte;VB;1358
103042;Masera;Piemonte;VB;1448
103043;Massiola;Piemonte;VB;120
103044;Mergozzo;Piemonte;VB;2136
103045;Miazzina;Piemonte;VB;366
103046;Montecrestese;Piemonte;VB;1249
103047;Montescheno;Piemonte;VB;386
103048;Nonio;Piemonte;VB;852
103049;Oggebbio;Piemonte;VB;865
103050;Omegna;Piemonte;VB;14618
103051;Ornavasso;Piemonte;VB;3358
103052;Pallanzeno;Piemonte;VB;1110
103053;Piedimulera;Piemonte;VB;1474
103054;Pieve Vergonte;Piemonte;VB;2472
103055;Premeno;Piemonte;VB;767
103056;Premia;Piemonte;VB;541
103057;Premosello-Chiovenda;Piemonte;VB;1856
103058;Quarna Sopra;Piemonte;VB;250
103059;Quarna Sotto;Piemonte;VB;376
103060;Re;Piemonte;VB;692
103061;San Bernardino Verbano;Piemonte;VB;1267
103062;Santa Maria Maggiore;Piemonte;VB;1284
103064;Stresa;Piemonte;VB;4694
103065;Toceno;Piemonte;VB;728
103066;Trarego Viggiona;Piemonte;VB;408
103067;Trasquera;Piemonte;VB;174
103068;Trontano;Piemonte;VB;1633
103069;Valstrona;Piemonte;VB;1190
103070;Vanzone con San Carlo;Piemonte;VB;384
103071;Varzo;Piemonte;VB;1946
103072;Verbania;Piemonte;VB;29954
103074;Vignone;Piemonte;VB;1209
103075;Villadossola;Piemonte;VB;6276
103076;Villette;Piemonte;VB;273
103077;Vogogna;Piemonte;VB;1720
103078;Borgomezzavalle;Piemonte;VB;306
103079;Valle Cannobina;Piemonte;VB;477
108001;Agrate Brianza;Lombardia;MB;15482
108002;Aicurzio;Lombardia;MB;2077
108003;Albiate;Lombardia;MB;6482
108004;Arcore;Lombardia;MB;17848
108005;Barlassina;Lombardia;MB;6912
108006;Bellusco;Lombardia;MB;7366
108007;Bernareggio;Lombardia;MB;11321
108008;Besana in Brianza;Lombardia;MB;15498
108009;Biassono;Lombardia;MB;12188
108010;Bovisio-Masciago;Lombardia;MB;16833
108011;Briosco;Lombardia;MB;6051
108012;Brugherio;Lombardia;MB;34811
108013;Burago di Molgora;Lombardia;MB;4283
108014;Camparada;Lombardia;MB;2166
108015;Carate Brianza;Lombardia;MB;17824
108016;Carnate;Lombardia;MB;7516
108017;Cavenago di Brianza;Lombardia;MB;7389
108018;Ceriano Laghetto;Lombardia;MB;6613
108019;Cesano Maderno;Lombardia;MB;38983
108020;Cogliate;Lombardia;MB;8444
108021;Concorezzo;Lombardia;MB;15770
108022;Correzzana;Lombardia;MB;3035
108023;Desio;Lombardia;MB;41646
108024;Giussano;Lombardia;MB;25923
108025;Lazzate;Lombardia;MB;7763
108026;Lesmo;Lombardia;MB;8465
108027;Limbiate;Lombardia;MB;34707
108028;Lissone;Lombardia;MB;46147
108029;Macherio;Lombardia;MB;7412
108030;Meda;Lombardia;MB;23324
108031;Mezzago;Lombardia;MB;4420
108032;Misinto;Lombardia;MB;5588
108033;Monza;Lombardia;MB;122522
108034;Muggiò;Lombardia;MB;23603
108035;Nova Milanese;Lombardia;MB;23083
108036;Ornago;Lombardia;MB;5193
108037;Renate;Lombardia;MB;4056
108038;Ronco Briantino;Lombardia;MB;3532
108039;Seregno;Lombardia;MB;44843
108040;Seveso;Lombardia;MB;23728
108041;Sovico;Lombardia;MB;8307
108042;Sulbiate;Lombardia;MB;4405
108043;Triuggio;Lombardia;MB;8649
108044;Usmate Velate;Lombardia;MB;10425
108045;Varedo;Lombardia;MB;13611
108046;Vedano al Lambro;Lombardia;MB;7490
108047;Veduggio con Colzano;Lombardia;MB;4250
108048;Verano Brianza;Lombardia;MB;9164
108049;Villasanta;Lombardia;MB;13946
108050;Vimercate;Lombardia;MB;25941
108051;Busnago;Lombardia;MB;6752
108052;Caponago;Lombardia;MB;5105
108053;Cornate d'Adda;Lombardia;MB;10674
108054;Lentate sul Seveso;Lombardia;MB;15785
108055;Roncello;Lombardia;MB;4762
109001;Altidona;Marche;FM;3538
109002;Amandola;Marche;FM;3355
109003;Belmonte Piceno;Marche;FM;600
109004;Campofilone;Marche;FM;1896
109005;Falerone;Marche;FM;3138
109006;Fermo;Marche;FM;36168
109007;Francavilla d'Ete;Marche;FM;946
109008;Grottazzolina;Marche;FM;3259
109009;Lapedona;Marche;FM;1160
109010;Magliano di Tenna;Marche;FM;1424
109011;Massa Fermana;Marche;FM;898
109012;Monsampietro Morico;Marche;FM;628
109013;Montappone;Marche;FM;1608
109014;Montefalcone Appennino;Marche;FM;383
109015;Montefortino;Marche;FM;1088
109016;Monte Giberto;Marche;FM;759
109017;Montegiorgio;Marche;FM;6479
109018;Montegranaro;Marche;FM;12613
109019;Monteleone di Fermo;Marche;FM;365
109020;Montelparo;Marche;FM;722
109021;Monte Rinaldo;Marche;FM;328
109022;Monterubbiano;Marche;FM;2086
109023;Monte San Pietrangeli;Marche;FM;2315
109024;Monte Urano;Marche;FM;7971
109025;Monte Vidon Combatte;Marche;FM;398
109026;Monte Vidon Corrado;Marche;FM;678
109027;Montottone;Marche;FM;895
109028;Moresco;Marche;FM;546
109029;Ortezzano;Marche;FM;729
109030;Pedaso;Marche;FM;2808
109031;Petritoli;Marche;FM;2193
109032;Ponzano di Fermo;Marche;FM;1646
109033;Porto San Giorgio;Marche;FM;15715
109034;Porto Sant'Elpidio;Marche;FM;25958
109035;Rapagnano;Marche;FM;1945
109036;Santa Vittoria in Matenano;Marche;FM;1246
109037;Sant'Elpidio a Mare;Marche;FM;16773
109038;Servigliano;Marche;FM;2201
109039;Smerillo;Marche;FM;333
109040;Torre San Patrizio;Marche;FM;1919
110001;Andria;Puglia;BT;97489
110002;Barletta;Puglia;BT;92787
110003;Bisceglie;Puglia;BT;53934
110004;Canosa di Puglia;Puglia;BT;28422
110005;Margherita di Savoia;Puglia;BT;11371
110006;Minervino Murge;Puglia;BT;8390
110007;San Ferdinando di Puglia;Puglia;BT;13734
110008;Spinazzola;Puglia;BT;6115
110009;Trani;Puglia;BT;54848
110010;Trinitapoli;Puglia;BT;14001
111001;Arbus;Sardegna;SU;5961
111002;Armungia;Sardegna;SU;432
111003;Ballao;Sardegna;SU;740
111004;Barrali;Sardegna;SU;1109
111005;Barumini;Sardegna;SU;1200
111006;Buggerru;Sardegna;SU;1040
111007;Burcei;Sardegna;SU;2663
111008;Calasetta;Sardegna;SU;2803
111009;Carbonia;Sardegna;SU;26672
111010;Carloforte;Sardegna;SU;5960
111011;Castiadas;Sardegna;SU;1652
111012;Collinas;Sardegna;SU;796
111013;Decimoputzu;Sardegna;SU;4202
111014;Dolianova;Sardegna;SU;9473
111015;Domus De Maria;Sardegna;SU;1619
111016;Domusnovas;Sardegna;SU;5895
111017;Donori;Sardegna;SU;1965
111018;Escalaplano;Sardegna;SU;2084
111019;Escolca;Sardegna;SU;550
111020;Esterzili;Sardegna;SU;575
111021;Fluminimaggiore;Sardegna;SU;2685
111022;Furtei;Sardegna;SU;1542
111023;Genoni;Sardegna;SU;788
111024;Genuri;Sardegna;SU;307
111025;Gergei;Sardegna;SU;1147
111026;Gesico;Sardegna;SU;805
111027;Gesturi;Sardegna;SU;1175
111028;Giba;Sardegna;SU;1909
111029;Goni;Sardegna;SU;465
111030;Gonnesa;Sardegna;SU;4751
111031;Gonnosfanadiga;Sardegna;SU;6254
111032;Guamaggiore;Sardegna;SU;940
111033;Guasila;Sardegna;SU;2531
111034;Guspini;Sardegna;SU;11161
111035;Iglesias;Sardegna;SU;25493
111036;Isili;Sardegna;SU;2551
111037;Las Plassas;Sardegna;SU;219
111038;Lunamatrona;Sardegna;SU;1634
111039;Mandas;Sardegna;SU;2053
111040;Masainas;Sardegna;SU;1239
111041;Monastir;Sardegna;SU;4495
111042;Muravera;Sardegna;SU;5160
111043;Musei;Sardegna;SU;1495
111044;Narcao;Sardegna;SU;3102
111045;Nuragus;Sardegna;SU;854
111046;Nurallao;Sardegna;SU;1172
111047;Nuraminis;Sardegna;SU;2364
111048;Nurri;Sardegna;SU;2050
111049;Nuxis;Sardegna;SU;1443
111050;Orroli;Sardegna;SU;2056
111051;Ortacesus;Sardegna;SU;874
111052;Pabillonis;Sardegna;SU;2549
111053;Pauli Arbarei;Sardegna;SU;569
111054;Perdaxius;Sardegna;SU;1318
111055;Pimentel;Sardegna;SU;1140
111056;Piscinas;Sardegna;SU;823
111057;Portoscuso;Sardegna;SU;4895
111058;Sadali;Sardegna;SU;899
111059;Samassi;Sardegna;SU;4911
111060;Samatzai;Sardegna;SU;1556
111061;San Basilio;Sardegna;SU;1156
111062;San Gavino Monreale;Sardegna;SU;8189
111063;San Giovanni Suergiu;Sardegna;SU;5707
111064;San Nicolò Gerrei;Sardegna;SU;734
111065;San Sperate;Sardegna;SU;8330
111066;San Vito;Sardegna;SU;3434
111067;Sanluri;Sardegna;SU;8175
111068;Santadi;Sardegna;SU;3199
111069;Sant'Andrea Frius;Sardegna;SU;1694
111070;Sant'Anna Arresi;Sardegna;SU;2644
111071;Sant'Antioco;Sardegna;SU;10767
111072;Sardara;Sardegna;SU;3856
111073;Segariu;Sardegna;SU;1108
111074;Selegas;Sardegna;SU;1297
111075;Senorbì;Sardegna;SU;4713
111076;Serdiana;Sardegna;SU;2659
111077;Serramanna;Sardegna;SU;8693
111078;Serrenti;Sardegna;SU;4614
111079;Serri;Sardegna;SU;629
111080;Setzu;Sardegna;SU;136
111081;Seui;Sardegna;SU;1218
111082;Seulo;Sardegna;SU;795
111083;Siddi;Sardegna;SU;614
111084;Siliqua;Sardegna;SU;3623
111085;Silius;Sardegna;SU;1097
111086;Siurgus Donigala;Sardegna;SU;1868
111087;Soleminis;Sardegna;SU;1819
111088;Suelli;Sardegna;SU;1081
111089;Teulada;Sardegna;SU;3364
111090;Tratalias;Sardegna;SU;993
111091;Tuili;Sardegna;SU;968
111092;Turri;Sardegna;SU;398
111093;Ussana;Sardegna;SU;4017
111094;Ussaramanna;Sardegna;SU;506
111095;Vallermosa;Sardegna;SU;1830
111096;Villacidro;Sardegna;SU;13412
111097;Villamar;Sardegna;SU;2499
111098;Villamassargia;Sardegna;SU;3427
111099;Villanova Tulo;Sardegna;SU;1017
111100;Villanovaforru;Sardegna;SU;634
111101;Villanovafranca;Sardegna;SU;1201
111102;Villaperuccio;Sardegna;SU;1015
111103;Villaputzu;Sardegna;SU;4497
111104;Villasalto;Sardegna;SU;999
111105;Villasimius;Sardegna;SU;3688
111106;Villasor;Sardegna;SU;6636
111107;Villaspeciosa;Sardegna;SU;2549